,X,Y,FFMC,DMC,DC,ISI,temp,RH,wind,rain,area,day_mon,day_sat,day_sun,day_thu,day_tue,day_wed,month_aug,month_dec,month_feb,month_jan,month_jul,month_jun,month_mar,month_may,month_nov,month_oct,month_sep
0,7,5,4.468204330914934,26.2,94.3,1.8082887711792655,8.2,51,6.7,0,0.0,0,0,0,0,0,0,0,0,0,0,0,0,1,0,0,0,0
1,7,4,4.517431271680085,35.4,669.1,2.0412203288596382,18.0,33,0.9,0,0.0,0,0,0,0,1,0,0,0,0,0,0,0,0,0,0,1,0
2,7,4,4.517431271680085,43.7,686.9,2.0412203288596382,14.6,33,1.3,0,0.0,0,1,0,0,0,0,0,0,0,0,0,0,0,0,0,1,0
3,8,6,4.529368472571809,33.3,77.5,2.302585092994046,8.3,97,4.0,1,0.0,0,0,0,0,0,0,0,0,0,0,0,0,1,0,0,0,0
4,8,6,4.5031374604229395,51.3,102.2,2.3608540011180215,11.4,99,1.8,0,0.0,0,0,1,0,0,0,0,0,0,0,0,0,1,0,0,0,0
5,8,6,4.535820107853298,85.3,488.0,2.7536607123542622,22.2,29,5.4,0,0.0,0,0,1,0,0,0,1,0,0,0,0,0,0,0,0,0,0
6,8,6,4.535820107853298,88.9,495.6,2.2512917986064953,24.1,27,3.1,0,0.0,1,0,0,0,0,0,1,0,0,0,0,0,0,0,0,0,0
7,8,6,4.52720864451838,145.4,608.2,2.4595888418037104,8.0,86,2.2,0,0.0,1,0,0,0,0,0,1,0,0,0,0,0,0,0,0,0,0
8,8,6,4.5217885770490405,129.5,692.6,2.0794415416798357,13.1,63,5.4,0,0.0,0,0,0,0,1,0,0,0,0,0,0,0,0,0,0,0,1
9,7,5,4.537961436294641,88.0,698.6,2.0918640616783932,22.8,40,4.0,0,0.0,0,1,0,0,0,0,0,0,0,0,0,0,0,0,0,0,1
10,7,5,4.537961436294641,88.0,698.6,2.0918640616783932,17.8,51,7.2,0,0.0,0,1,0,0,0,0,0,0,0,0,0,0,0,0,0,0,1
11,7,5,4.541164856012179,73.2,713.0,3.1612467120315646,19.3,38,4.0,0,0.0,0,1,0,0,0,0,0,0,0,0,0,0,0,0,0,0,1
13,6,5,4.520701029361642,126.5,686.5,2.0794415416798357,21.3,42,2.2,0,0.0,1,0,0,0,0,0,0,0,0,0,0,0,0,0,0,0,1
14,6,5,4.542230386214217,133.3,699.6,2.322387720290225,26.4,21,4.5,0,0.0,0,0,0,0,0,1,0,0,0,0,0,0,0,0,0,0,1
15,6,5,4.546481189639412,141.2,713.9,2.7013612129514133,22.9,44,5.4,0,0.0,0,0,0,0,0,0,0,0,0,0,0,0,0,0,0,0,1
16,5,5,4.529368472571809,35.8,80.8,2.174751721484161,15.1,27,5.4,0,0.0,0,1,0,0,0,0,0,0,0,0,0,0,1,0,0,0,0
17,8,5,4.45318382899021,32.8,664.2,1.3862943611198906,16.7,47,4.9,0,0.0,1,0,0,0,0,0,0,0,0,0,0,0,0,0,0,1,0
18,6,4,4.502029427068578,27.9,70.8,1.9878743481543455,15.9,35,4.0,0,0.0,0,0,0,0,0,1,0,0,0,0,0,0,1,0,0,0,0
19,6,4,4.469350462845557,27.4,97.1,1.8082887711792655,9.3,44,4.5,0,0.0,0,1,0,0,0,0,0,0,0,0,0,0,0,0,0,0,0
20,6,4,4.5217885770490405,129.5,692.6,2.0794415416798357,18.3,40,2.7,0,0.0,0,0,0,0,1,0,0,0,0,0,0,0,0,0,0,0,1
21,5,4,4.530446639792155,78.5,724.3,2.322387720290225,19.1,38,2.7,0,0.0,1,0,0,0,0,0,0,0,0,0,0,0,0,0,0,0,1
22,7,4,4.557029810660157,96.3,200.0,4.044804116661965,21.0,44,4.5,0,0.0,0,0,1,0,0,0,0,0,0,0,0,1,0,0,0,0,0
23,7,4,4.513054897080286,110.9,537.4,1.9740810260220096,19.5,43,5.8,0,0.0,0,1,0,0,0,0,1,0,0,0,0,0,0,0,0,0,0
24,7,4,4.548599834499697,139.4,594.2,3.0587070727153796,23.7,32,5.8,0,0.0,0,1,0,0,0,0,1,0,0,0,0,0,0,0,0,0,0
25,7,4,4.526126978647638,142.4,601.4,2.451005098112319,16.3,60,5.4,0,0.0,0,0,1,0,0,0,1,0,0,0,0,0,0,0,0,0,0
26,7,4,4.536891345234797,117.9,668.0,2.580216829592325,19.0,34,5.8,0,0.0,0,0,0,0,0,0,0,0,0,0,0,0,0,0,0,0,1
27,7,4,4.520701029361642,126.5,686.5,2.0794415416798357,19.4,48,1.3,0,0.0,1,0,0,0,0,0,0,0,0,0,0,0,0,0,0,0,1
28,6,3,4.547541073151455,145.4,721.4,2.2082744135228043,30.2,24,2.7,0,0.0,0,1,0,0,0,0,0,0,0,0,0,0,0,0,0,0,1
29,6,3,4.548599834499697,149.3,728.6,2.2082744135228043,22.8,39,3.6,0,0.0,0,0,1,0,0,0,0,0,0,0,0,0,0,0,0,0,1
30,6,3,4.557029810660157,85.1,692.3,2.8273136219290276,25.4,24,3.6,0,0.0,0,0,0,0,0,0,0,0,0,0,0,0,0,0,0,0,1
31,6,3,4.4953553199808844,91.8,709.9,2.0918640616783932,11.2,78,7.6,0,0.0,1,0,0,0,0,0,0,0,0,0,0,0,0,0,0,0,1
32,6,3,4.4953553199808844,69.7,706.8,1.916922612182061,20.6,37,1.8,0,0.0,0,0,0,0,0,0,0,0,0,0,0,0,0,0,0,0,1
33,6,3,4.529368472571809,75.6,718.3,2.174751721484161,17.7,39,3.6,0,0.0,0,0,1,0,0,0,0,0,0,0,0,0,0,0,0,0,1
34,6,3,4.530446639792155,78.5,724.3,2.322387720290225,21.2,32,2.7,0,0.0,1,0,0,0,0,0,0,0,0,0,0,0,0,0,0,0,1
35,6,3,4.514150787600923,80.7,730.2,1.9878743481543455,18.2,62,4.5,0,0.0,0,0,0,0,1,0,0,0,0,0,0,0,0,0,0,0,1
36,6,3,4.517431271680085,35.4,669.1,2.0412203288596382,21.7,24,4.5,0,0.0,0,0,0,0,1,0,0,0,0,0,0,0,0,0,0,1,0
37,7,4,4.51085950651685,41.5,682.6,2.272125885509337,11.3,60,5.4,0,0.0,0,0,0,0,0,0,0,0,0,0,0,0,0,0,0,1,0
38,7,3,4.517431271680085,43.7,686.9,2.0412203288596382,17.8,27,4.0,0,0.0,0,1,0,0,0,0,0,0,0,0,0,0,0,0,0,1,0
39,4,4,4.489759334476764,25.7,67.6,1.5686159179138452,14.1,43,2.7,0,0.0,0,0,0,0,1,0,0,0,0,0,0,0,1,0,0,0,0
40,4,4,4.388257184424518,60.6,366.7,0.9162907318741551,23.3,37,3.1,0,0.0,0,0,0,0,1,0,0,0,0,0,1,0,0,0,0,0,0
41,4,4,4.513054897080286,96.9,624.2,2.2925347571405443,18.4,42,6.7,0,0.0,0,1,0,0,0,0,1,0,0,0,0,0,0,0,0,0,0
42,4,4,4.562262684976814,108.3,647.1,2.8903717578961645,16.6,54,5.4,0,0.0,0,0,0,0,1,0,1,0,0,0,0,0,0,0,0,0,0
43,4,4,4.537961436294641,88.0,698.6,2.0918640616783932,19.6,48,2.7,0,0.0,0,1,0,0,0,0,0,0,0,0,0,0,0,0,0,0,1
44,4,4,4.511957804265912,82.9,735.7,1.9740810260220096,12.9,74,4.9,0,0.0,0,0,0,0,0,1,0,0,0,0,0,0,0,0,0,0,1
45,5,6,4.557029810660157,85.1,692.3,2.8273136219290276,25.9,24,4.0,0,0.0,0,0,0,0,0,1,0,0,0,0,0,0,0,0,0,0,1
46,5,6,4.520701029361642,126.5,686.5,2.0794415416798357,14.7,70,3.6,0,0.0,1,0,0,0,0,0,0,0,0,0,0,0,0,0,0,0,1
47,6,6,4.55597994179732,62.3,442.9,2.4849066497880004,23.0,36,3.1,0,0.0,1,0,0,0,0,0,0,0,0,0,1,0,0,0,0,0,0
48,4,4,4.4796069630127455,23.9,64.7,1.62924053973028,11.8,35,1.8,0,0.0,1,0,0,0,0,0,0,0,0,0,0,0,1,0,0,0,0
49,4,4,4.484131857611035,52.2,103.8,1.791759469228055,11.0,46,5.8,0,0.0,1,0,0,0,0,0,0,0,0,0,0,0,1,0,0,0,0
50,4,4,4.542230386214217,137.0,706.4,2.322387720290225,20.8,17,1.3,0,0.0,0,0,0,1,0,0,0,0,0,0,0,0,0,0,0,0,1
51,4,3,4.513054897080286,99.6,631.2,1.9878743481543455,21.5,34,2.2,0,0.0,0,0,1,0,0,0,1,0,0,0,0,0,0,0,0,0,0
52,4,3,4.533674184283021,111.2,654.1,2.3608540011180215,20.4,42,4.9,0,0.0,0,0,0,0,0,1,1,0,0,0,0,0,0,0,0,0,0
53,4,3,4.533674184283021,111.2,654.1,2.3608540011180215,20.4,42,4.9,0,0.0,0,0,0,0,0,1,1,0,0,0,0,0,0,0,0,0,0
54,4,3,4.529368472571809,114.3,661.3,1.9878743481543455,17.6,45,3.6,0,0.0,0,0,0,1,0,0,1,0,0,0,0,0,0,0,0,0,0
55,4,3,4.542230386214217,137.0,706.4,2.322387720290225,27.7,24,2.2,0,0.0,0,0,0,1,0,0,0,0,0,0,0,0,0,0,0,0,1
56,4,3,4.514150787600923,80.7,730.2,1.9878743481543455,17.8,63,4.9,0,0.0,0,0,0,0,1,0,0,0,0,0,0,0,0,0,0,0,1
57,4,3,4.539030383483547,46.5,691.8,2.2823823856765264,13.8,50,2.7,0,0.0,0,0,1,0,0,0,0,0,0,0,0,0,0,0,0,1,0
58,2,2,4.442651256490317,9.3,34.0,1.1314021114911006,13.9,40,5.4,0,0.0,1,0,0,0,0,0,0,0,1,0,0,0,0,0,0,0,0
59,2,2,4.472780997942346,13.2,43.0,1.840549633397487,12.3,51,0.9,0,0.0,0,0,0,0,0,0,0,0,1,0,0,0,0,0,0,0,0
60,2,2,4.5031374604229395,51.3,102.2,2.3608540011180215,11.5,39,5.8,0,0.0,0,0,1,0,0,0,0,0,0,0,0,0,1,0,0,0,0
61,2,2,4.5031374604229395,51.3,102.2,2.3608540011180215,5.5,59,6.3,0,0.0,0,0,1,0,0,0,0,0,0,0,0,0,1,0,0,0,0
62,2,2,4.543294782270004,75.3,466.6,2.163323025660538,18.8,35,4.9,0,0.0,0,0,0,1,0,0,1,0,0,0,0,0,0,0,0,0,0
63,2,2,4.513054897080286,99.6,631.2,1.9878743481543455,20.8,33,2.7,0,0.0,0,0,1,0,0,0,1,0,0,0,0,0,0,0,0,0,0
64,2,2,4.522874943261261,103.2,638.8,1.916922612182061,23.1,31,3.1,0,0.0,1,0,0,0,0,0,1,0,0,0,0,0,0,0,0,0,0
65,2,2,4.529368472571809,114.3,661.3,1.9878743481543455,18.6,44,4.5,0,0.0,0,0,0,1,0,0,1,0,0,0,0,0,0,0,0,0,0
66,2,2,4.536891345234797,117.9,668.0,2.580216829592325,23.0,37,4.5,0,0.0,0,0,0,0,0,0,0,0,0,0,0,0,0,0,0,0,1
67,2,2,4.536891345234797,117.9,668.0,2.580216829592325,19.6,33,5.4,0,0.0,0,0,0,0,0,0,0,0,0,0,0,0,0,0,0,0,1
68,2,2,4.536891345234797,117.9,668.0,2.580216829592325,19.6,33,6.3,0,0.0,0,0,0,0,0,0,0,0,0,0,0,0,0,0,0,0,1
69,4,5,4.529368472571809,33.3,77.5,2.302585092994046,17.2,26,4.5,0,0.0,0,0,0,0,0,0,0,0,0,0,0,0,1,0,0,0,0
70,4,5,4.523960130562548,48.3,97.8,2.6026896854443837,15.8,27,7.6,0,0.0,0,0,0,0,0,0,0,0,0,0,0,0,1,0,0,0,0
71,4,5,4.557029810660157,85.1,692.3,2.8273136219290276,17.7,37,3.6,0,0.0,0,0,0,0,0,0,0,0,0,0,0,0,0,0,0,0,1
72,5,4,4.529368472571809,33.3,77.5,2.302585092994046,15.6,25,6.3,0,0.0,0,0,0,0,0,0,0,0,0,0,0,0,1,0,0,0,0
73,5,4,4.497584975308154,147.3,614.5,2.302585092994046,17.3,43,4.5,0,0.0,0,0,0,0,1,0,1,0,0,0,0,0,0,0,0,0,0
74,5,4,4.546481189639412,141.2,713.9,2.7013612129514133,27.6,30,1.3,0,0.0,0,0,0,0,0,0,0,0,0,0,0,0,0,0,0,0,1
75,9,9,4.44500143383527,6.8,26.6,2.163323025660538,6.7,79,3.1,0,0.0,0,0,0,1,0,0,0,0,1,0,0,0,0,0,0,0,0
76,9,9,4.472780997942346,13.2,43.0,1.840549633397487,15.7,43,3.1,0,0.0,0,0,0,0,0,0,0,0,1,0,0,0,0,0,0,0,0
77,1,3,4.484131857611035,52.2,103.8,1.791759469228055,8.3,72,3.1,0,0.0,1,0,0,0,0,0,0,0,0,0,0,0,1,0,0,0,0
78,1,2,4.511957804265912,108.0,529.8,2.6026896854443837,14.7,66,2.7,0,0.0,0,0,0,0,0,0,1,0,0,0,0,0,0,0,0,0,0
79,1,2,4.5217885770490405,121.2,561.6,2.0794415416798357,21.6,19,6.7,0,0.0,0,0,0,0,1,0,1,0,0,0,0,0,0,0,0,0,0
80,1,2,4.526126978647638,142.4,601.4,2.451005098112319,19.5,39,6.3,0,0.0,0,0,1,0,0,0,1,0,0,0,0,0,0,0,0,0,0
81,1,2,4.513054897080286,99.6,631.2,1.9878743481543455,17.9,44,2.2,0,0.0,0,0,1,0,0,0,1,0,0,0,0,0,0,0,0,0,0
82,1,2,4.562262684976814,108.3,647.1,2.8903717578961645,18.6,51,4.5,0,0.0,0,0,0,0,1,0,1,0,0,0,0,0,0,0,0,0,0
83,1,2,4.533674184283021,111.2,654.1,2.3608540011180215,16.6,47,0.9,0,0.0,0,0,0,0,0,1,1,0,0,0,0,0,0,0,0,0,0
84,1,2,4.529368472571809,114.3,661.3,1.9878743481543455,20.2,45,3.6,0,0.0,0,0,0,1,0,0,1,0,0,0,0,0,0,0,0,0,0
85,1,2,4.542230386214217,137.0,706.4,2.322387720290225,21.5,15,0.9,0,0.0,0,0,0,1,0,0,0,0,0,0,0,0,0,0,0,0,1
86,1,2,4.542230386214217,137.0,706.4,2.322387720290225,25.4,27,2.2,0,0.0,0,0,0,1,0,0,0,0,0,0,0,0,0,0,0,0,1
87,1,2,4.542230386214217,137.0,706.4,2.322387720290225,22.4,34,2.2,0,0.0,0,0,0,1,0,0,0,0,0,0,0,0,0,0,0,0,1
88,1,2,4.548599834499697,149.3,728.6,2.2082744135228043,25.3,36,3.6,0,0.0,0,0,1,0,0,0,0,0,0,0,0,0,0,0,0,0,1
89,6,5,4.529368472571809,35.8,80.8,2.174751721484161,17.4,25,4.9,0,0.0,0,1,0,0,0,0,0,0,0,0,0,0,1,0,0,0,0
90,6,5,4.513054897080286,96.9,624.2,2.2925347571405443,14.7,59,5.8,0,0.0,0,1,0,0,0,0,1,0,0,0,0,0,0,0,0,0,0
91,8,6,4.529368472571809,35.8,80.8,2.174751721484161,17.4,24,5.4,0,0.0,0,0,0,0,0,0,0,0,0,0,0,0,1,0,0,0,0
92,8,6,4.535820107853298,85.3,488.0,2.7536607123542622,20.8,32,6.3,0,0.0,0,0,1,0,0,0,1,0,0,0,0,0,0,0,0,0,0
93,8,6,4.526126978647638,142.4,601.4,2.451005098112319,18.2,43,4.9,0,0.0,0,0,1,0,0,0,1,0,0,0,0,0,0,0,0,0,0
94,8,6,4.522874943261261,103.2,638.8,1.916922612182061,23.4,22,2.7,0,0.0,1,0,0,0,0,0,1,0,0,0,0,0,0,0,0,0,0
95,4,4,4.507557357121091,90.0,704.4,1.7578579175523736,17.8,64,1.3,0,0.0,0,0,1,0,0,0,0,0,0,0,0,0,0,0,0,0,1
96,3,4,4.441474093317302,8.0,30.2,1.2809338454620642,12.7,48,1.8,0,0.0,0,1,0,0,0,0,0,0,1,0,0,0,0,0,0,0,0
98,3,4,4.526126978647638,142.4,601.4,2.451005098112319,11.6,87,4.5,0,0.0,0,0,1,0,0,0,1,0,0,0,0,0,0,0,0,0,0
99,3,4,4.526126978647638,142.4,601.4,2.451005098112319,19.8,39,5.4,0,0.0,0,0,1,0,0,0,1,0,0,0,0,0,0,0,0,0,0
100,3,4,4.526126978647638,142.4,601.4,2.451005098112319,19.8,39,5.4,0,0.0,0,0,1,0,0,0,1,0,0,0,0,0,0,0,0,0,0
101,3,4,4.497584975308154,147.3,614.5,2.302585092994046,14.4,66,5.4,0,0.0,0,0,0,0,1,0,1,0,0,0,0,0,0,0,0,0,0
102,2,4,4.562262684976814,108.3,647.1,2.8903717578961645,20.1,40,4.0,0,0.0,0,0,0,0,1,0,1,0,0,0,0,0,0,0,0,0,0
103,2,4,4.537961436294641,121.1,674.4,2.2617630984737906,24.1,29,4.5,0,0.0,0,1,0,0,0,0,0,0,0,0,0,0,0,0,0,0,1
104,2,4,4.420044701861403,3.7,9.3,1.3609765531356006,5.3,78,3.1,0,0.0,0,1,0,0,0,0,0,0,0,1,0,0,0,0,0,0,0
105,4,5,4.464758032271346,19.5,57.3,1.33500106673234,12.7,52,6.3,0,0.0,0,0,0,0,0,0,0,0,0,0,0,0,1,0,0,0,0
106,4,5,4.526126978647638,30.7,74.3,2.1400661634962708,18.2,29,3.1,0,0.0,0,0,0,1,0,0,0,0,0,0,0,0,1,0,0,0,0
107,4,5,4.513054897080286,99.6,631.2,1.9878743481543455,21.4,33,3.1,0,0.0,0,0,1,0,0,0,1,0,0,0,0,0,0,0,0,0,0
108,4,5,4.537961436294641,88.0,698.6,2.0918640616783932,20.3,45,3.1,0,0.0,0,1,0,0,0,0,0,0,0,0,0,0,0,0,0,0,1
109,4,5,4.4953553199808844,91.8,709.9,2.0918640616783932,17.4,56,5.4,0,0.0,1,0,0,0,0,0,0,0,0,0,0,0,0,0,0,0,1
110,4,4,4.464758032271346,19.5,57.3,1.33500106673234,13.7,43,5.8,0,0.0,0,0,0,0,0,0,0,0,0,0,0,0,1,0,0,0,0
111,3,4,4.529368472571809,33.3,77.5,2.302585092994046,18.8,18,4.5,0,0.0,0,0,0,0,0,0,0,0,0,0,0,0,1,0,0,0,0
112,3,4,4.507557357121091,90.0,704.4,1.7578579175523736,22.8,39,3.6,0,0.0,0,0,1,0,0,0,0,0,0,0,0,0,0,0,0,0,1
113,3,4,4.530446639792155,78.5,724.3,2.322387720290225,18.9,35,2.7,0,0.0,1,0,0,0,0,0,0,0,0,0,0,0,0,0,0,0,1
114,3,4,4.489759334476764,25.7,67.6,1.5686159179138452,15.8,27,7.6,0,0.0,0,0,0,0,1,0,0,0,0,0,0,0,1,0,0,0,0
115,3,5,4.489759334476764,25.7,67.6,1.5686159179138452,15.5,27,6.3,0,0.0,0,0,0,0,1,0,0,0,0,0,0,0,1,0,0,0,0
116,3,4,4.529368472571809,35.8,80.8,2.174751721484161,11.6,30,6.3,0,0.0,0,1,0,0,0,0,0,0,0,0,0,0,1,0,0,0,0
117,3,4,4.529368472571809,35.8,80.8,2.174751721484161,15.2,27,4.9,0,0.0,0,1,0,0,0,0,0,0,0,0,0,0,1,0,0,0,0
118,3,4,4.511957804265912,39.7,86.6,1.9740810260220096,10.6,30,4.0,0,0.0,1,0,0,0,0,0,0,0,0,0,0,0,1,0,0,0,0
119,3,4,4.543294782270004,75.3,466.6,2.163323025660538,19.6,36,3.1,0,0.0,0,0,0,1,0,0,1,0,0,0,0,0,0,0,0,0,0
120,3,4,4.52720864451838,145.4,608.2,2.4595888418037104,10.3,74,2.2,0,0.0,1,0,0,0,0,0,1,0,0,0,0,0,0,0,0,0,0
121,3,4,4.52720864451838,145.4,608.2,2.4595888418037104,17.1,43,5.4,0,0.0,1,0,0,0,0,0,1,0,0,0,0,0,0,0,0,0,0
122,3,4,4.536891345234797,124.1,680.7,2.2512917986064953,22.5,42,5.4,0,0.0,0,0,1,0,0,0,0,0,0,0,0,0,0,0,0,0,1
123,3,4,4.447346100794524,73.4,671.9,1.4350845252893227,17.9,45,3.1,0,0.0,0,0,0,0,1,0,0,0,0,0,0,0,0,0,0,0,1
124,3,4,4.557029810660157,85.1,692.3,2.8273136219290276,19.8,50,5.4,0,0.0,0,0,0,0,0,0,0,0,0,0,0,0,0,0,0,0,1
125,3,4,4.539030383483547,46.5,691.8,2.2823823856765264,20.6,24,5.4,0,0.0,0,0,1,0,0,0,0,0,0,0,0,0,0,0,0,1,0
126,3,5,4.484131857611035,52.2,103.8,1.791759469228055,9.0,49,2.2,0,0.0,1,0,0,0,0,0,0,0,0,0,0,0,1,0,0,0,0
127,3,5,4.548599834499697,149.3,728.6,2.2082744135228043,17.2,43,3.1,0,0.0,0,0,0,0,0,0,0,0,0,0,0,0,0,0,0,0,1
128,3,5,4.526126978647638,37.9,673.8,1.824549292051046,15.9,46,3.6,0,0.0,0,0,0,0,0,1,0,0,0,0,0,0,0,0,0,1,0
129,2,5,4.539030383483547,46.5,691.8,2.2823823856765264,15.4,35,0.9,0,0.0,0,0,1,0,0,0,0,0,0,0,0,0,0,0,0,1,0
131,4,6,4.4796069630127455,23.9,64.7,1.62924053973028,14.0,39,3.1,0,0.0,1,0,0,0,0,0,0,0,0,0,0,0,1,0,0,0,0
132,4,6,4.5031374604229395,51.3,102.2,2.3608540011180215,10.6,46,4.9,0,0.0,0,0,1,0,0,0,0,0,0,0,0,0,1,0,0,0,0
133,4,6,4.550714000192032,80.9,685.2,2.9391619220655967,17.6,42,3.1,0,0.0,0,0,0,1,0,0,0,0,0,0,0,0,0,0,0,0,1
134,3,5,4.489759334476764,25.7,67.6,1.5686159179138452,14.9,38,2.7,0,0.0,0,0,0,0,1,0,0,0,0,0,0,0,1,0,0,0,0
135,3,5,4.548599834499697,139.4,594.2,3.0587070727153796,17.6,52,5.8,0,0.0,0,1,0,0,0,0,1,0,0,0,0,0,0,0,0,0,0
136,3,6,4.536891345234797,124.1,680.7,2.2512917986064953,17.2,58,1.3,0,0.0,0,0,1,0,0,0,0,0,0,0,0,0,0,0,0,0,1
137,3,6,4.520701029361642,126.5,686.5,2.0794415416798357,15.6,66,3.1,0,0.0,1,0,0,0,0,0,0,0,0,0,0,0,0,0,0,0,1
138,9,9,4.463606621666305,48.3,313.4,1.589235205116581,18.0,42,2.7,0,0.3074846997479606,0,0,0,0,1,0,0,0,0,0,1,0,0,0,0,0,0
139,1,4,4.5217885770490405,129.5,692.6,2.0794415416798357,21.7,38,2.2,0,0.35767444427181594,0,0,0,0,1,0,0,0,0,0,0,0,0,0,0,0,1
140,2,5,4.520701029361642,126.5,686.5,2.0794415416798357,21.9,39,1.8,0,0.3852624007906449,1,0,0,0,0,0,0,0,0,0,0,0,0,0,0,0,1
141,1,2,4.56954300834494,99.9,513.3,2.653241964607215,23.3,31,4.5,0,0.4382549309311553,0,0,0,0,0,1,1,0,0,0,0,0,0,0,0,0,0
142,8,6,4.511957804265912,108.0,529.8,2.6026896854443837,21.2,51,8.9,0,0.4762341789963716,0,0,0,0,0,0,1,0,0,0,0,0,0,0,0,0,0
143,1,2,4.51085950651685,51.3,296.3,2.272125885509337,16.6,53,5.4,0,0.5364933705145685,0,1,0,0,0,0,0,0,0,0,1,0,0,0,0,0,0
144,2,5,4.56954300834494,99.9,513.3,2.653241964607215,23.8,32,5.4,0,0.5709795465857378,0,0,0,0,0,1,1,0,0,0,0,0,0,0,0,0,0
145,6,5,4.566429357671661,131.7,578.8,2.4336133554004498,27.4,22,4.0,0,0.6418538861723948,0,0,0,1,0,0,1,0,0,0,0,0,0,0,0,0,0
146,5,4,4.511957804265912,39.7,86.6,1.9740810260220096,13.2,40,5.4,0,0.6678293725756554,1,0,0,0,0,0,0,0,0,0,0,0,1,0,0,0,0
147,8,3,4.447346100794524,73.4,671.9,1.4350845252893227,24.2,28,3.6,0,0.6729444732424258,0,0,0,0,1,0,0,0,0,0,0,0,0,0,0,0,1
148,2,2,4.562262684976814,108.3,647.1,2.8903717578961645,17.4,43,6.7,0,0.7275486072772778,0,0,0,0,1,0,1,0,0,0,0,0,0,0,0,0,0
149,8,6,4.550714000192032,80.9,685.2,2.9391619220655967,23.7,25,4.5,0,0.7514160886839212,0,0,0,1,0,0,0,0,0,0,0,0,0,0,0,0,1
150,6,5,4.537961436294641,56.4,433.3,2.0918640616783932,23.2,39,5.4,0,0.7839015438284094,0,0,0,0,0,0,0,0,0,0,0,1,0,0,0,0,0
151,9,9,4.511957804265912,68.6,355.2,2.1041341542702074,24.8,29,2.2,0,0.8586616190375187,0,0,1,0,0,0,0,0,0,0,1,0,0,0,0,0,0
152,3,4,4.511957804265912,51.2,424.1,1.9740810260220096,24.6,43,1.8,0,0.8878912573524571,0,1,0,0,0,0,0,0,0,0,1,0,0,0,0,0,0
153,5,4,4.557029810660157,85.1,692.3,2.8273136219290276,20.1,47,4.9,0,0.9001613499442714,0,0,0,0,0,0,0,0,0,0,0,0,0,0,0,0,1
154,1,5,4.547541073151455,145.4,721.4,2.2082744135228043,29.6,27,2.7,0,0.9001613499442714,0,1,0,0,0,0,0,0,0,0,0,0,0,0,0,0,1
155,7,4,4.562262684976814,108.3,647.1,2.8903717578961645,16.4,47,1.3,0,0.9400072584914712,0,0,1,0,0,0,1,0,0,0,0,0,0,0,0,0,0
156,2,4,4.547541073151455,145.4,721.4,2.2082744135228043,28.6,27,2.2,0,0.959350221334602,0,1,0,0,0,0,0,0,0,0,0,0,0,0,0,0,1
157,2,2,4.533674184283021,111.2,654.1,2.3608540011180215,18.4,45,3.6,0,0.9669838461896731,0,0,0,0,0,1,1,0,0,0,0,0,0,0,0,0,0
158,2,4,4.533674184283021,111.2,654.1,2.3608540011180215,20.5,35,4.0,0,0.9707789171582248,0,0,0,0,0,1,1,0,0,0,0,0,0,0,0,0,0
159,7,4,4.536891345234797,117.9,668.0,2.580216829592325,19.0,34,5.8,0,0.9895411936137477,0,0,0,0,0,0,0,0,0,0,0,0,0,0,0,0,1
160,7,4,4.511957804265912,39.7,86.6,1.9740810260220096,16.1,29,3.1,0,1.0116009116784799,1,0,0,0,0,0,0,0,0,0,0,0,1,0,0,0,0
161,6,4,4.566429357671661,131.7,578.8,2.4336133554004498,20.3,41,4.0,0,1.0647107369924282,0,0,0,1,0,0,1,0,0,0,0,0,0,0,0,0,0
162,6,3,4.517431271680085,50.1,100.4,2.174751721484161,15.2,31,8.5,0,1.0784095813505903,0,1,0,0,0,0,0,0,0,0,0,0,1,0,0,0,0
163,8,6,4.537961436294641,121.1,674.4,2.2617630984737906,17.8,56,1.8,0,1.0818051703517284,0,1,0,0,0,0,0,0,0,0,0,0,0,0,0,0,1
164,8,5,4.507557357121091,90.0,704.4,1.7578579175523736,17.8,67,2.2,0,1.1019400787607843,0,0,1,0,0,0,0,0,0,0,0,0,0,0,0,0,1
165,6,5,4.45318382899021,18.2,55.0,1.3862943611198906,5.3,70,4.5,0,1.144222799920162,0,0,0,1,0,0,0,0,0,0,0,0,1,0,0,0,0
166,6,5,4.533674184283021,111.2,654.1,2.3608540011180215,16.6,47,0.9,0,1.1908875647772805,0,0,0,0,0,1,1,0,0,0,0,0,0,0,0,0,0
167,6,5,4.574710978503383,127.1,570.5,2.8622008809294686,23.4,33,4.5,0,1.2556160374777743,0,0,0,0,0,1,1,0,0,0,0,0,0,0,0,0,0
168,6,5,4.523960130562548,48.3,97.8,2.6026896854443837,14.6,26,9.4,0,1.2612978709452054,0,0,0,0,0,0,0,0,0,0,0,0,1,0,0,0,0
169,8,6,4.566429357671661,131.7,578.8,2.4336133554004498,20.7,45,2.2,0,1.2669476034873244,0,0,0,1,0,0,1,0,0,0,0,0,0,0,0,0,0
170,5,4,4.542230386214217,133.3,699.6,2.322387720290225,21.9,35,1.8,0,1.2725655957915476,0,0,0,0,0,1,0,0,0,0,0,0,0,0,0,0,1
171,8,6,4.461299815568389,90.4,609.6,2.028148247292285,17.4,50,4.0,0,1.3056264580524357,0,0,0,0,0,1,1,0,0,0,0,0,0,0,0,0,0
172,7,4,4.526126978647638,142.4,601.4,2.451005098112319,20.1,39,5.4,0,1.3190856114264407,0,0,1,0,0,0,1,0,0,0,0,0,0,0,0,0,0
173,4,4,4.520701029361642,126.5,686.5,2.0794415416798357,17.7,39,2.2,0,1.4036429994545037,1,0,0,0,0,0,0,0,0,0,0,0,0,0,0,0,1
174,1,4,4.513054897080286,96.9,624.2,2.2925347571405443,14.2,53,1.8,0,1.5040773967762742,0,1,0,0,0,0,1,0,0,0,0,0,0,0,0,0,0
175,1,4,4.513054897080286,96.9,624.2,2.2925347571405443,20.3,39,4.9,0,1.7101878155342434,0,1,0,0,0,0,1,0,0,0,0,0,0,0,0,0,0
176,6,5,4.412798293340635,9.1,55.2,1.308332819650179,5.8,54,5.8,0,1.724550719534605,0,0,0,1,0,0,0,0,0,0,0,0,0,0,0,0,0
177,2,5,4.513054897080286,99.6,631.2,1.9878743481543455,19.2,44,2.7,0,1.7387102481382397,0,0,1,0,0,0,1,0,0,0,0,0,0,0,0,0,0
178,2,5,4.511957804265912,82.9,735.7,1.9740810260220096,18.3,45,2.2,0,1.7715567619105355,0,0,0,0,0,1,0,0,0,0,0,0,0,0,0,0,1
179,8,6,4.497584975308154,147.3,614.5,2.302585092994046,14.4,66,5.4,0,1.8293763327993617,0,0,0,0,1,0,1,0,0,0,0,0,0,0,0,0,0
180,1,3,4.536891345234797,124.1,680.7,2.2512917986064953,23.9,32,6.7,0,1.8453002361560848,0,0,1,0,0,0,0,0,0,0,0,0,0,0,0,0,1
181,8,6,4.45318382899021,32.8,664.2,1.3862943611198906,19.1,32,4.0,0,1.8625285401162623,1,0,0,0,0,0,0,0,0,0,0,0,0,0,0,1,0
182,5,4,4.475061500641071,15.6,48.3,1.589235205116581,12.4,53,2.2,0,1.998773638612381,0,0,1,0,0,0,0,0,1,0,0,0,0,0,0,0,0
183,7,4,4.529368472571809,48.5,696.1,2.4932054526026954,16.8,45,4.5,0,2.057962510002712,1,0,0,0,0,0,0,0,0,0,0,0,0,0,0,1,0
184,8,6,4.552823705615882,135.7,586.7,2.7788192719904172,20.8,34,4.9,0,2.0744289998562917,0,0,0,0,0,0,1,0,0,0,0,0,0,0,0,0,0
185,2,5,4.5217885770490405,129.5,692.6,2.0794415416798357,17.6,46,3.1,0,2.0844290831908747,0,0,0,0,1,0,0,0,0,0,0,0,0,0,0,0,1
186,8,6,4.5031374604229395,51.3,102.2,2.3608540011180215,11.5,39,5.8,0,2.1029138978649784,0,0,1,0,0,0,0,0,0,0,0,0,1,0,0,0,0
187,1,5,4.520701029361642,126.5,686.5,2.0794415416798357,21.0,42,2.2,0,2.1162555148025524,1,0,0,0,0,0,0,0,0,0,0,0,0,0,0,0,1
188,6,4,4.519612297626445,41.9,89.4,2.186051276738094,13.3,42,0.9,0,2.128231705849268,0,1,0,0,0,0,0,0,0,0,0,0,1,0,0,0,0
189,7,4,4.51852237926242,44.0,92.4,1.8718021769015913,11.5,60,4.0,0,2.2235418856535927,0,0,1,0,0,0,0,0,0,0,0,0,1,0,0,0,0
190,6,5,4.523960130562548,48.3,97.8,2.6026896854443837,11.7,33,4.0,0,2.231089091288976,0,0,0,0,0,0,0,0,0,0,0,0,1,0,0,0,0
191,2,5,4.566429357671661,131.7,578.8,2.4336133554004498,24.2,28,2.7,0,2.2700619012884857,0,0,0,1,0,0,1,0,0,0,0,0,0,0,0,0,0
192,2,2,4.562262684976814,108.3,647.1,2.8903717578961645,24.6,22,4.5,0,2.2731562823032334,0,0,0,0,1,0,1,0,0,0,0,0,0,0,0,0,0
193,4,5,4.542230386214217,133.3,699.6,2.322387720290225,24.3,25,4.0,0,2.3427668826268775,0,0,0,0,0,1,0,0,0,0,0,0,0,0,0,0,1
194,2,2,4.562262684976814,108.3,647.1,2.8903717578961645,24.6,22,4.5,0,2.3988039507345884,0,0,0,0,1,0,1,0,0,0,0,0,0,0,0,0,0
195,2,5,4.552823705615882,135.7,586.7,2.7788192719904172,23.5,36,5.4,0,2.3997118037247684,0,0,0,0,0,0,1,0,0,0,0,0,0,0,0,0,0
196,6,5,4.412798293340635,9.1,55.2,1.308332819650179,5.8,54,5.8,0,2.4790562361098245,0,0,0,1,0,0,0,0,0,0,0,0,0,0,0,0,0
197,4,5,4.542230386214217,137.0,706.4,2.322387720290225,21.5,15,0.9,0,2.4898941912990393,0,0,0,1,0,0,0,0,0,0,0,0,0,0,0,0,1
198,3,4,4.5217885770490405,129.5,692.6,2.0794415416798357,13.9,59,6.3,0,2.50470927708418,0,0,0,0,1,0,0,0,0,0,0,0,0,0,0,0,1
200,1,5,4.5217885770490405,129.5,692.6,2.0794415416798357,21.6,33,2.2,0,2.528125768907977,0,0,0,0,1,0,0,0,0,0,0,0,0,0,0,0,1
201,6,5,4.511957804265912,37.6,83.7,2.1041341542702074,12.4,54,3.6,0,2.5726122302071057,0,0,1,0,0,0,0,0,0,0,0,0,1,0,0,0,0
202,7,4,4.441474093317302,8.7,32.1,1.1314021114911006,8.8,68,2.2,0,2.642622395779755,0,0,1,0,0,0,0,0,1,0,0,0,0,0,0,0,0
203,8,6,4.526126978647638,37.9,673.8,1.824549292051046,20.2,37,2.7,0,2.6878474937846906,0,0,0,0,0,1,0,0,0,0,0,0,0,0,0,1,0
204,5,6,4.517431271680085,50.1,100.4,2.174751721484161,15.1,64,4.0,0,2.7073833121145063,0,1,0,0,0,0,0,0,0,0,0,0,1,0,0,0,0
205,4,5,4.542230386214217,137.0,706.4,2.322387720290225,22.1,34,1.8,0,2.745345985845907,0,0,0,1,0,0,0,0,0,0,0,0,0,0,0,0,1
206,2,2,4.548599834499697,139.4,594.2,3.0587070727153796,22.9,31,7.2,0,2.800325477211381,0,1,0,0,0,0,1,0,0,0,0,0,0,0,0,0,0
207,7,5,4.5217885770490405,129.5,692.6,2.0794415416798357,20.7,37,2.2,0,2.9014215940827497,0,0,0,0,1,0,0,0,0,0,0,0,0,0,0,0,1
208,6,5,4.536891345234797,117.9,668.0,2.580216829592325,19.6,33,6.3,0,3.007166651179654,0,0,0,0,0,0,0,0,0,0,0,0,0,0,0,0,1
209,8,3,4.550714000192032,80.9,685.2,2.9391619220655967,23.2,26,4.9,0,3.1949928844048685,0,0,0,1,0,0,0,0,0,0,0,0,0,0,0,0,1
210,4,4,4.517431271680085,43.7,686.9,2.0412203288596382,18.4,25,3.1,0,3.2280337626529665,0,1,0,0,0,0,0,0,0,0,0,0,0,0,0,1,0
211,7,4,4.548599834499697,139.4,594.2,3.0587070727153796,5.1,96,5.8,0,3.295836866004329,0,1,0,0,0,0,1,0,0,0,0,0,0,0,0,0,0
212,7,4,4.557029810660157,85.1,692.3,2.8273136219290276,20.1,47,4.9,0,3.3006401266708405,0,0,0,0,0,0,0,0,0,0,0,0,0,0,0,0,1
213,7,3,4.484131857611035,52.2,103.8,1.791759469228055,11.0,46,5.8,0,3.3446270301737613,1,0,0,0,0,0,0,0,0,0,0,0,1,0,0,0,0
214,4,4,4.529368472571809,35.8,80.8,2.174751721484161,17.0,27,4.9,0,3.389799336709786,0,1,0,0,0,0,0,0,0,0,0,0,1,0,0,0,0
215,4,4,4.529368472571809,35.8,80.8,2.174751721484161,17.0,27,4.9,0,3.389799336709786,0,1,0,0,0,0,0,0,0,0,0,0,1,0,0,0,0
216,4,4,4.536891345234797,124.1,680.7,2.2512917986064953,16.9,60,1.3,0,3.4170707308184456,0,0,1,0,0,0,0,0,0,0,0,0,0,0,0,0,1
217,1,3,4.4953553199808844,91.8,709.9,2.0918640616783932,12.4,73,6.3,0,3.4442568711226023,1,0,0,0,0,0,0,0,0,0,0,0,0,0,0,0,1
218,4,5,4.542230386214217,133.3,699.6,2.322387720290225,19.4,19,1.3,0,3.487986511734546,0,0,0,0,0,1,0,0,0,0,0,0,0,0,0,0,1
219,6,5,4.511957804265912,39.7,86.6,1.9740810260220096,15.2,27,3.1,0,3.492256112609122,1,0,0,0,0,0,0,0,0,0,0,0,1,0,0,0,0
220,8,6,4.513054897080286,99.6,631.2,1.9878743481543455,16.2,59,3.1,0,3.4986265269937014,0,0,1,0,0,0,1,0,0,0,0,0,0,0,0,0,0
221,3,4,4.546481189639412,141.2,713.9,2.7013612129514133,18.6,49,3.6,0,3.607669398688393,0,0,0,0,0,0,0,0,0,0,0,0,0,0,0,0,1
222,4,3,4.484131857611035,52.2,103.8,1.791759469228055,11.0,46,5.8,0,3.6336309798834576,1,0,0,0,0,0,0,0,0,0,0,0,1,0,0,0,0
223,2,2,4.492001487882454,150.3,309.9,2.0541237336955462,13.4,79,3.6,0,3.6381123370602833,0,0,0,0,0,0,0,0,0,0,1,0,0,0,0,0,0
224,7,4,4.511957804265912,82.9,735.7,1.9740810260220096,15.4,57,4.5,0,3.6560979645895566,0,0,0,0,0,1,0,0,0,0,0,0,0,0,0,0,1
225,4,4,4.548599834499697,149.3,728.6,2.2082744135228043,22.9,39,4.9,0,3.902982260775997,0,0,1,0,0,0,0,0,0,0,0,0,0,0,0,0,1
226,7,5,4.529368472571809,48.5,696.1,2.4932054526026954,16.1,44,4.0,0,3.9193957597575593,1,0,0,0,0,0,0,0,0,0,0,0,0,0,0,1,0
227,8,6,4.534747721691546,81.8,480.8,2.5572273113676265,20.1,34,4.5,0,4.08260930600368,0,1,0,0,0,0,1,0,0,0,0,0,0,0,0,0,0
228,4,6,4.548599834499697,149.3,728.6,2.2082744135228043,28.3,26,3.1,0,4.175924549214524,0,0,1,0,0,0,0,0,0,0,0,0,0,0,0,0,1
229,8,6,4.534747721691546,81.8,480.8,2.5572273113676265,16.4,43,4.0,0,4.280824129164719,0,1,0,0,0,0,1,0,0,0,0,0,0,0,0,0,0
230,4,4,4.542230386214217,133.3,699.6,2.322387720290225,26.4,21,4.5,0,4.494126887194767,0,0,0,0,0,1,0,0,0,0,0,0,0,0,0,0,1
231,1,5,4.548599834499697,149.3,728.6,2.2082744135228043,27.8,27,3.1,0,4.566221435849517,0,0,1,0,0,0,0,0,0,0,0,0,0,0,0,0,1
232,6,4,4.5217885770490405,129.5,692.6,2.0794415416798357,18.7,43,2.7,0,4.648133885420207,0,0,0,0,1,0,0,0,0,0,0,0,0,0,0,0,1
233,9,4,4.447346100794524,73.4,671.9,1.4350845252893227,24.3,36,3.1,0,4.669646205172456,0,0,0,0,1,0,0,0,0,0,0,0,0,0,0,0,1
234,4,5,4.537961436294641,121.1,674.4,2.2617630984737906,17.7,25,3.1,0,5.049086480470509,0,1,0,0,0,0,0,0,0,0,0,0,0,0,0,0,1
235,8,6,4.526126978647638,142.4,601.4,2.451005098112319,19.6,41,5.8,0,5.285637313390662,0,0,1,0,0,0,1,0,0,0,0,0,0,0,0,0,0
236,2,2,4.537961436294641,121.1,674.4,2.2617630984737906,18.2,46,1.8,0,5.307970623576175,0,1,0,0,0,0,0,0,0,0,0,0,0,0,0,0,1
237,1,2,4.5217885770490405,129.5,692.6,2.0794415416798357,18.8,40,2.2,0,5.365415110080531,0,0,0,0,1,0,0,0,0,0,0,0,0,0,0,0,1
238,6,5,4.537961436294641,121.1,674.4,2.2617630984737906,25.1,27,4.0,0,6.995619625423205,0,1,0,0,0,0,0,0,0,0,0,0,0,0,0,0,1
239,7,5,4.417635062141249,3.0,7.9,1.5040773967762742,13.4,75,1.8,0,0.0,0,0,1,0,0,0,0,0,0,0,0,0,0,0,0,0,0
240,6,3,4.48863636973214,17.2,43.5,1.5686159179138452,15.2,51,2.7,0,0.0,0,0,0,0,0,1,0,0,0,0,0,0,0,0,0,0,0
241,4,4,4.430816798843313,23.3,85.3,1.1939224684724346,16.7,20,3.1,0,0.0,0,0,0,0,0,0,0,0,0,0,0,0,0,0,0,0,0
242,2,4,4.55597994179732,122.3,589.9,2.631888840136646,15.4,66,4.0,0,2.4096441652874536,0,0,1,0,0,0,1,0,0,0,0,0,0,0,0,0,0
243,7,4,4.530446639792155,175.1,700.7,2.6946271807700692,21.9,73,7.6,1,0.0,0,0,1,0,0,0,1,0,0,0,0,0,0,0,0,0,0
244,2,4,4.530446639792155,175.1,700.7,2.6946271807700692,22.4,54,7.6,0,1.3532545070416904,0,0,1,0,0,0,1,0,0,0,0,0,0,0,0,0,0
245,3,4,4.530446639792155,175.1,700.7,2.6946271807700692,26.8,38,6.3,0,0.5653138090500605,0,0,1,0,0,0,1,0,0,0,0,0,0,0,0,0,0
246,5,4,4.530446639792155,175.1,700.7,2.6946271807700692,25.7,39,5.4,0,0.08617769624105233,0,0,1,0,0,0,1,0,0,0,0,0,0,0,0,0,0
247,2,4,4.534747721691546,91.6,503.6,2.3608540011180215,20.7,70,2.2,0,0.5596157879354227,0,0,0,0,0,1,1,0,0,0,0,0,0,0,0,0,0
248,8,6,4.544358046591334,157.3,666.7,2.6741486494265287,28.7,28,2.7,0,0.0,0,0,0,0,0,1,1,0,0,0,0,0,0,0,0,0,0
249,3,4,4.544358046591334,157.3,666.7,2.6741486494265287,21.7,40,0.4,0,1.244154593958768,0,0,0,0,0,1,1,0,0,0,0,0,0,0,0,0,0
250,8,5,4.544358046591334,157.3,666.7,2.6741486494265287,26.8,25,3.1,0,0.5187937934151675,0,0,0,0,0,1,1,0,0,0,0,0,0,0,0,0,0
251,8,5,4.544358046591334,157.3,666.7,2.6741486494265287,24.0,36,3.1,0,0.2151113796169455,0,0,0,0,0,1,1,0,0,0,0,0,0,0,0,0,0
252,6,5,4.544358046591334,157.3,666.7,2.6741486494265287,22.1,37,3.6,0,0.19062035960864973,0,0,0,0,0,1,1,0,0,0,0,0,0,0,0,0,0
253,7,4,4.531523645819793,109.2,565.5,2.1972245773362196,21.4,38,2.7,0,0.9242589015233319,0,0,0,1,0,0,1,0,0,0,0,0,0,0,0,0,0
254,6,3,4.528289141652134,138.1,621.7,1.9878743481543455,18.9,41,3.1,0,2.428336298299606,0,0,0,1,0,0,1,0,0,0,0,0,0,0,0,0,0
255,2,5,4.483002552013883,77.0,694.8,1.791759469228055,22.3,46,4.0,0,0.0,0,0,0,1,0,0,1,0,0,0,0,0,0,0,0,0,0
256,8,6,4.55597994179732,117.2,581.1,2.4849066497880004,23.9,41,2.2,0,2.199444334074532,0,1,0,0,0,0,1,0,0,0,0,0,0,0,0,0,0
257,4,3,4.55597994179732,117.2,581.1,2.4849066497880004,21.4,44,2.7,0,0.5187937934151675,0,1,0,0,0,0,1,0,0,0,0,0,0,0,0,0,0
258,3,4,4.530446639792155,170.9,692.3,2.6878474937846906,20.6,59,0.9,0,0.0,0,1,0,0,0,0,1,0,0,0,0,0,0,0,0,0,0
259,7,4,4.530446639792155,170.9,692.3,2.6878474937846906,23.7,40,1.8,0,0.8671004876833833,0,1,0,0,0,0,1,0,0,0,0,0,0,0,0,0,0
260,2,4,4.549657476057832,97.9,542.0,2.7343675094195836,28.3,32,4.0,0,2.2874714551839976,1,0,0,0,0,0,1,0,0,0,0,0,0,0,0,0,0
261,3,4,4.528289141652134,112.4,573.0,2.2925347571405443,11.2,84,7.6,0,1.4586150226995167,0,0,0,0,0,0,1,0,0,0,0,0,0,0,0,0,0
262,2,4,4.528289141652134,112.4,573.0,2.2925347571405443,21.4,42,3.1,0,1.6582280766035324,0,0,0,0,0,0,1,0,0,0,0,0,0,0,0,0,0
263,6,3,4.522874943261261,141.1,629.1,2.0918640616783932,19.3,39,3.6,0,0.9400072584914712,0,0,0,0,0,0,1,0,0,0,0,0,0,0,0,0,0
264,4,4,4.557029810660157,167.6,684.4,2.6390573296152584,21.8,53,3.1,0,2.020222182019865,0,0,0,0,0,0,1,0,0,0,0,0,0,0,0,0,0
265,4,4,4.550714000192032,102.2,550.3,2.747270914255491,22.1,54,7.6,0,0.5822156198526637,0,0,0,0,1,0,1,0,0,0,0,0,0,0,0,0,0
266,6,5,4.557029810660157,131.7,607.1,3.1654750481410856,19.4,55,4.0,0,0.15700374880966478,0,0,0,0,1,0,1,0,0,0,0,0,0,0,0,0,0
267,2,2,4.533674184283021,152.6,658.2,2.72785282839839,23.7,24,3.1,0,0.0,0,0,0,0,1,0,1,0,0,0,0,0,0,0,0,0,0
268,3,4,4.533674184283021,152.6,658.2,2.72785282839839,21.0,32,3.1,0,0.0,0,0,0,0,1,0,1,0,0,0,0,0,0,0,0,0,0
269,4,4,4.533674184283021,152.6,658.2,2.72785282839839,19.1,53,2.7,0,1.6863989535702288,0,0,0,0,1,0,1,0,0,0,0,0,0,0,0,0,0
270,2,2,4.533674184283021,152.6,658.2,2.72785282839839,21.8,56,3.1,0,0.41871033485818504,0,0,0,0,1,0,1,0,0,0,0,0,0,0,0,0,0
271,8,6,4.533674184283021,152.6,658.2,2.72785282839839,20.1,58,4.5,0,2.329227023940467,0,0,0,0,1,0,1,0,0,0,0,0,0,0,0,0,0
272,2,5,4.533674184283021,152.6,658.2,2.72785282839839,20.2,47,4.0,0,1.4085449700547104,0,0,0,0,1,0,1,0,0,0,0,0,0,0,0,0,0
273,4,6,4.447346100794524,27.2,353.5,2.0541237336955462,4.8,57,8.5,0,2.300583090323373,0,0,1,0,0,0,0,1,0,0,0,0,0,0,0,0,0
274,8,6,4.442651256490317,27.8,354.6,1.840549633397487,5.1,61,8.0,0,2.5006159434931803,0,0,0,0,0,1,0,1,0,0,0,0,0,0,0,0,0
275,4,6,4.449685283147696,26.4,352.0,1.0986122886681098,5.1,61,4.9,0,1.8531680973566984,0,0,0,1,0,0,0,1,0,0,0,0,0,0,0,0,0
276,4,4,4.45898767581001,25.4,349.7,1.2809338454620642,4.6,21,8.5,0,2.93651291389402,1,0,0,0,0,0,0,1,0,0,0,0,0,0,0,0,0
277,3,4,4.45898767581001,25.4,349.7,1.2809338454620642,4.6,21,8.5,0,2.462149662665384,1,0,0,0,0,0,0,1,0,0,0,0,0,0,0,0,0
278,4,4,4.45898767581001,25.4,349.7,1.2809338454620642,4.6,21,8.5,0,3.136797713832594,1,0,0,0,0,0,0,1,0,0,0,0,0,0,0,0,0
279,4,4,4.45898767581001,25.4,349.7,1.2809338454620642,4.6,21,8.5,0,2.3767644911682972,1,0,0,0,0,0,0,1,0,0,0,0,0,0,0,0,0
280,4,6,4.450852825603734,26.7,352.6,1.62924053973028,2.2,59,4.9,0,2.329227023940467,0,0,0,0,0,0,0,1,0,0,0,0,0,0,0,0,0
281,6,5,4.45898767581001,25.4,349.7,1.2809338454620642,5.1,24,8.5,0,3.2492110246642736,0,0,0,0,1,0,0,1,0,0,0,0,0,0,0,0,0
282,6,3,4.45318382899021,27.5,353.5,1.4816045409242156,4.2,51,4.0,0,0.0,0,0,1,0,0,0,0,0,1,0,0,0,0,0,0,0,0
283,3,4,4.476199804691132,6.6,18.7,1.4350845252893227,8.8,35,3.1,0,0.7419373447293773,0,0,0,0,0,1,0,0,1,0,0,0,0,0,0,0,0
284,5,4,4.456670177669648,4.9,15.8,1.9878743481543455,7.5,46,8.0,0,3.228430037673012,0,0,0,0,0,0,0,0,1,0,0,0,0,0,0,0,0
285,2,5,4.552823705615882,169.7,411.8,2.5877640352277083,23.4,40,6.3,0,0.0,0,0,1,0,0,0,0,0,0,0,1,0,0,0,0,0,0
286,7,6,4.523960130562548,183.1,437.7,2.6026896854443837,12.6,90,7.6,1,0.0,0,0,0,0,0,1,0,0,0,0,1,0,0,0,0,0,0
287,7,4,4.528289141652134,104.2,474.9,2.302585092994046,22.1,49,2.7,0,0.0,0,1,0,0,0,0,0,0,0,0,1,0,0,0,0,0,0
288,7,4,4.528289141652134,104.2,474.9,2.302585092994046,24.2,32,1.8,0,0.0,0,1,0,0,0,0,0,0,0,0,1,0,0,0,0,0,0
289,7,4,4.528289141652134,104.2,474.9,2.302585092994046,24.3,30,1.8,0,0.0,0,1,0,0,0,0,0,0,0,0,1,0,0,0,0,0,0
290,2,5,4.528289141652134,104.2,474.9,2.302585092994046,18.7,53,1.8,0,0.0,0,1,0,0,0,0,0,0,0,0,1,0,0,0,0,0,0
291,9,4,4.528289141652134,104.2,474.9,2.302585092994046,25.3,39,0.9,0,2.1972245773362196,0,1,0,0,0,0,0,0,0,0,1,0,0,0,0,0,0
292,4,5,4.528289141652134,100.2,466.3,1.9878743481543455,22.9,40,1.3,0,1.2919836816486494,0,0,0,0,0,0,0,0,0,0,1,0,0,0,0,0,0
293,7,6,4.544358046591334,180.4,430.8,2.4849066497880004,26.9,28,5.4,0,4.471067201464611,0,0,0,0,1,0,0,0,0,0,1,0,0,0,0,0,0
294,8,6,4.535820107853298,88.8,440.9,2.2512917986064953,17.1,67,3.6,0,2.0241930674493576,0,0,0,0,1,0,0,0,0,0,1,0,0,0,0,0,0
295,7,5,4.544358046591334,180.4,430.8,2.4849066497880004,22.2,48,1.3,0,0.0,0,0,1,0,0,0,0,0,0,0,0,1,0,0,0,0,0
296,6,4,4.515245478460105,89.5,290.8,2.0014800002101243,14.3,46,1.8,0,0.6418538861723948,0,0,1,0,0,0,0,0,0,0,0,1,0,0,0,0,0
297,8,6,4.515245478460105,89.5,290.8,2.0014800002101243,15.4,45,2.2,0,0.0,0,0,1,0,0,0,0,0,0,0,0,1,0,0,0,0,0
298,8,6,4.523960130562548,147.8,377.2,2.617395832834079,19.6,43,4.9,0,0.0,0,0,0,0,0,1,0,0,0,0,0,1,0,0,0,0,0
300,6,5,4.515245478460105,93.3,298.1,2.1400661634962708,20.7,25,4.9,0,0.0,1,0,0,0,0,0,0,0,0,0,0,1,0,0,0,0,0
301,6,5,4.515245478460105,93.3,298.1,2.1400661634962708,19.1,39,5.4,0,1.5085119938441398,1,0,0,0,0,0,0,0,0,0,0,1,0,0,0,0,0
302,3,6,4.522874943261261,94.1,232.1,2.0918640616783932,19.2,38,4.5,0,0.0,0,0,0,0,0,0,0,0,0,0,0,1,0,0,0,0,0
303,3,6,4.522874943261261,94.1,232.1,2.0918640616783932,19.2,38,4.5,0,0.0,0,0,0,0,0,0,0,0,0,0,0,1,0,0,0,0,0
304,6,5,4.455509411433685,28.0,113.8,1.5040773967762742,11.3,94,4.9,0,0.0,0,1,0,0,0,0,0,0,0,0,0,0,0,1,0,0,0
305,1,4,4.506454213048934,84.1,714.3,1.9021075263969205,19.0,52,2.2,0,0.0,0,0,1,0,0,0,0,0,0,0,0,0,0,0,0,0,1
306,7,4,4.506454213048934,84.1,714.3,1.9021075263969205,17.1,53,5.4,0,0.3435897043900769,0,0,1,0,0,0,0,0,0,0,0,0,0,0,0,0,1
307,3,4,4.506454213048934,84.1,714.3,1.9021075263969205,23.8,35,3.6,0,1.8213182714695995,0,0,1,0,0,0,0,0,0,0,0,0,0,0,0,0,1
308,2,4,4.536891345234797,105.8,758.1,2.388762789235098,16.0,45,1.8,0,0.0,0,0,1,0,0,0,0,0,0,0,0,0,0,0,0,0,1
309,2,4,4.536891345234797,105.8,758.1,2.388762789235098,24.9,27,2.2,0,0.0,0,0,1,0,0,0,0,0,0,0,0,0,0,0,0,0,1
310,7,4,4.536891345234797,105.8,758.1,2.388762789235098,25.3,27,2.7,0,0.0,0,0,1,0,0,0,0,0,0,0,0,0,0,0,0,0,1
311,6,3,4.536891345234797,105.8,758.1,2.388762789235098,24.8,28,1.8,0,2.727199019940971,0,0,1,0,0,0,0,0,0,0,0,0,0,0,0,0,1
313,6,5,4.539030383483547,115.4,777.1,2.2823823856765264,24.3,27,4.9,0,0.0,0,0,0,0,0,1,0,0,0,0,0,0,0,0,0,0,1
314,4,4,4.539030383483547,115.4,777.1,2.2823823856765264,19.7,41,1.8,0,0.9477893989335261,0,0,0,0,0,1,0,0,0,0,0,0,0,0,0,0,1
315,3,4,4.523960130562548,134.7,817.5,2.1041341542702074,18.5,30,2.7,0,0.0,0,0,0,0,0,1,0,0,0,0,0,0,0,0,0,0,1
316,4,5,4.536891345234797,96.2,739.4,2.2617630984737906,18.6,24,5.8,0,0.0,0,0,0,1,0,0,0,0,0,0,0,0,0,0,0,0,1
317,4,4,4.536891345234797,96.2,739.4,2.2617630984737906,19.2,24,4.9,0,1.5644405465033644,0,0,0,1,0,0,0,0,0,0,0,0,0,0,0,0,1
318,6,5,4.541164856012179,119.0,783.5,2.1400661634962708,21.6,27,2.2,0,0.0,0,0,0,1,0,0,0,0,0,0,0,0,0,0,0,0,1
319,5,4,4.541164856012179,119.0,783.5,2.1400661634962708,21.6,28,6.3,0,1.6882490928583902,0,0,0,1,0,0,0,0,0,0,0,0,0,0,0,0,1
320,6,3,4.541164856012179,119.0,783.5,2.1400661634962708,18.9,34,7.2,0,3.5655812377694427,0,0,0,1,0,0,0,0,0,0,0,0,0,0,0,0,1
321,1,4,4.541164856012179,119.0,783.5,2.1400661634962708,16.8,28,4.0,0,2.105352923464337,0,0,0,1,0,0,0,0,0,0,0,0,0,0,0,0,1
322,6,5,4.541164856012179,119.0,783.5,2.1400661634962708,16.8,28,4.0,0,0.6981347220709844,0,0,0,1,0,0,0,0,0,0,0,0,0,0,0,0,1
323,3,5,4.51852237926242,136.9,822.8,2.0541237336955462,12.9,39,2.7,0,1.1568811967920856,0,0,0,1,0,0,0,0,0,0,0,0,0,0,0,0,1
324,6,5,4.489759334476764,53.3,726.9,1.8562979903656263,13.7,56,1.8,0,1.6900958154515549,0,0,0,1,0,0,0,0,0,0,0,0,0,0,0,0,1
325,1,4,4.534747721691546,102.3,751.5,2.2407096892759584,24.2,27,3.1,0,0.0,0,1,0,0,0,0,0,0,0,0,0,0,0,0,0,0,1
326,5,4,4.534747721691546,102.3,751.5,2.2407096892759584,24.1,27,3.1,0,0.0,0,1,0,0,0,0,0,0,0,0,0,0,0,0,0,0,1
327,6,5,4.534747721691546,102.3,751.5,2.2407096892759584,21.2,32,2.2,0,0.0,0,1,0,0,0,0,0,0,0,0,0,0,0,0,0,0,1
328,6,5,4.534747721691546,102.3,751.5,2.2407096892759584,19.7,35,1.8,0,0.0,0,1,0,0,0,0,0,0,0,0,0,0,0,0,0,0,1
329,4,3,4.534747721691546,102.3,751.5,2.2407096892759584,23.5,27,4.0,0,1.4655675420143985,0,1,0,0,0,0,0,0,0,0,0,0,0,0,0,0,1
330,3,3,4.534747721691546,102.3,751.5,2.2407096892759584,24.2,27,3.1,0,2.0255131996542803,0,1,0,0,0,0,0,0,0,0,0,0,0,0,0,0,1
331,7,4,4.523960130562548,124.4,795.3,2.2512917986064953,21.5,28,4.5,0,2.8118094353930627,0,1,0,0,0,0,0,0,0,0,0,0,0,0,0,0,1
332,4,4,4.523960130562548,124.4,795.3,2.2512917986064953,17.1,41,2.2,0,2.503073953743449,0,1,0,0,0,0,0,0,0,0,0,0,0,0,0,0,1
333,1,4,4.533674184283021,87.7,721.1,2.3513752571634776,18.1,54,3.1,0,1.1410330045520618,1,0,0,0,0,0,0,0,0,0,0,0,0,0,0,0,1
334,2,3,4.528289141652134,108.4,764.0,1.9740810260220096,18.0,51,5.4,0,0.0,1,0,0,0,0,0,0,0,0,0,0,0,0,0,0,0,1
335,4,3,4.528289141652134,108.4,764.0,1.9740810260220096,9.8,86,1.8,0,0.0,1,0,0,0,0,0,0,0,0,0,0,0,0,0,0,0,1
336,7,4,4.528289141652134,108.4,764.0,1.9740810260220096,19.3,44,2.2,0,0.0,1,0,0,0,0,0,0,0,0,0,0,0,0,0,0,0,1
337,6,3,4.528289141652134,108.4,764.0,1.9740810260220096,23.0,34,2.2,0,4.04375277610604,1,0,0,0,0,0,0,0,0,0,0,0,0,0,0,0,1
338,8,6,4.528289141652134,108.4,764.0,1.9740810260220096,22.7,35,2.2,0,2.1377104498038118,1,0,0,0,0,0,0,0,0,0,0,0,0,0,0,0,1
339,2,4,4.528289141652134,108.4,764.0,1.9740810260220096,20.4,41,1.8,0,0.9042181506398859,1,0,0,0,0,0,0,0,0,0,0,0,0,0,0,0,1
340,2,5,4.528289141652134,108.4,764.0,1.9740810260220096,19.3,44,2.2,0,1.5953389880545987,1,0,0,0,0,0,0,0,0,0,0,0,0,0,0,0,1
341,8,6,4.531523645819793,111.7,770.3,2.0149030205422647,15.7,51,2.2,0,0.0,1,0,0,0,0,0,0,0,0,0,0,0,0,0,0,0,1
342,6,3,4.52720864451838,130.1,807.1,2.1400661634962708,20.6,37,1.8,0,0.0,1,0,0,0,0,0,0,0,0,0,0,0,0,0,0,0,1
343,8,6,4.52720864451838,130.1,807.1,2.1400661634962708,15.9,51,4.5,0,1.1568811967920856,1,0,0,0,0,0,0,0,0,0,0,0,0,0,0,0,1
344,6,3,4.52720864451838,130.1,807.1,2.1400661634962708,12.2,66,4.9,0,1.9600947840472698,1,0,0,0,0,0,0,0,0,0,0,0,0,0,0,0,1
345,2,2,4.52720864451838,130.1,807.1,2.1400661634962708,16.8,43,3.1,0,1.9213246735826988,1,0,0,0,0,0,0,0,0,0,0,0,0,0,0,0,1
346,1,4,4.52720864451838,130.1,807.1,2.1400661634962708,21.3,35,2.2,0,3.3738261848660236,1,0,0,0,0,0,0,0,0,0,0,0,0,0,0,0,1
347,5,4,4.533674184283021,99.0,745.3,2.3608540011180215,10.1,75,3.6,0,0.0,0,0,0,0,0,0,0,0,0,0,0,0,0,0,0,0,1
348,3,4,4.533674184283021,99.0,745.3,2.3608540011180215,17.4,57,4.5,0,0.0,0,0,0,0,0,0,0,0,0,0,0,0,0,0,0,0,1
349,5,4,4.533674184283021,99.0,745.3,2.3608540011180215,12.8,64,3.6,0,0.9707789171582248,0,0,0,0,0,0,0,0,0,0,0,0,0,0,0,0,1
350,5,4,4.533674184283021,99.0,745.3,2.3608540011180215,10.1,75,3.6,0,1.5496879080283263,0,0,0,0,0,0,0,0,0,0,0,0,0,0,0,0,1
351,4,4,4.533674184283021,99.0,745.3,2.3608540011180215,15.4,53,6.3,0,2.1174596088673567,0,0,0,0,0,0,0,0,0,0,0,0,0,0,0,0,1
352,7,4,4.533674184283021,99.0,745.3,2.3608540011180215,20.6,43,3.6,0,1.1085626195212777,0,0,0,0,0,0,0,0,0,0,0,0,0,0,0,0,1
353,7,4,4.533674184283021,99.0,745.3,2.3608540011180215,19.8,47,2.7,0,1.000631880307906,0,0,0,0,0,0,0,0,0,0,0,0,0,0,0,0,1
354,7,4,4.533674184283021,99.0,745.3,2.3608540011180215,18.7,50,2.2,0,1.9416152247724325,0,0,0,0,0,0,0,0,0,0,0,0,0,0,0,0,1
355,4,4,4.533674184283021,99.0,745.3,2.3608540011180215,20.8,35,4.9,0,2.643333886382519,0,0,0,0,0,0,0,0,0,0,0,0,0,0,0,0,1
356,4,4,4.533674184283021,99.0,745.3,2.3608540011180215,20.8,35,4.9,0,0.8153648132841945,0,0,0,0,0,0,0,0,0,0,0,0,0,0,0,0,1
357,6,3,4.537961436294641,122.0,789.7,2.4159137783010487,15.9,55,3.6,0,0.0,0,0,0,0,0,0,0,0,0,0,0,0,0,0,0,0,1
358,6,3,4.537961436294641,122.0,789.7,2.4159137783010487,19.7,39,2.7,0,0.0,0,0,0,0,0,0,0,0,0,0,0,0,0,0,0,0,1
359,1,4,4.537961436294641,122.0,789.7,2.4159137783010487,21.1,39,2.2,0,2.21046980408624,0,0,0,0,0,0,0,0,0,0,0,0,0,0,0,0,1
360,6,5,4.537961436294641,122.0,789.7,2.4159137783010487,18.4,42,2.2,0,0.7371640659767197,0,0,0,0,0,0,0,0,0,0,0,0,0,0,0,0,1
361,4,3,4.537961436294641,122.0,789.7,2.4159137783010487,17.3,45,4.0,0,1.597365331199831,0,0,0,0,0,0,0,0,0,0,0,0,0,0,0,0,1
362,7,4,4.490881039585964,55.2,732.3,2.533696813957432,15.2,64,3.1,0,0.41871033485818504,0,0,0,0,0,0,0,0,0,0,0,0,0,0,0,0,1
363,4,3,4.531523645819793,111.7,770.3,2.0149030205422647,15.9,53,2.2,0,1.3686394258811698,0,0,0,0,1,0,0,0,0,0,0,0,0,0,0,0,1
364,6,5,4.531523645819793,111.7,770.3,2.0149030205422647,21.1,35,2.7,0,1.8946168546677629,0,0,0,0,1,0,0,0,0,0,0,0,0,0,0,0,1
365,6,5,4.531523645819793,111.7,770.3,2.0149030205422647,19.6,45,3.1,0,3.0459499897146083,0,0,0,0,1,0,0,0,0,0,0,0,0,0,0,0,1
366,4,5,4.522874943261261,132.3,812.1,2.6026896854443837,15.9,38,5.4,0,1.0116009116784799,0,0,0,0,1,0,0,0,0,0,0,0,0,0,0,0,1
367,4,5,4.522874943261261,132.3,812.1,2.6026896854443837,16.4,27,3.6,0,0.0,0,0,0,0,1,0,0,0,0,0,0,0,0,0,0,0,1
368,6,5,4.523960130562548,94.3,744.4,2.2407096892759584,16.8,47,4.9,0,2.613006652415316,0,1,0,0,0,0,0,0,0,0,0,0,0,0,0,0,1
369,4,5,4.5217885770490405,276.3,825.1,2.0918640616783932,13.8,77,7.6,0,0.0,0,0,1,0,0,0,0,0,0,0,0,0,0,0,0,0,1
370,7,4,4.5217885770490405,276.3,825.1,2.0918640616783932,13.8,77,7.6,0,2.4898941912990393,0,0,1,0,0,0,0,0,0,0,0,0,0,0,0,0,1
371,3,4,4.531523645819793,133.6,520.5,2.1972245773362196,14.2,58,4.0,0,0.0,0,0,0,0,0,1,0,0,0,0,1,0,0,0,0,0,0
372,4,5,4.532599493153256,203.2,664.5,2.2082744135228043,10.4,75,0.9,0,0.0,0,0,1,0,0,0,1,0,0,0,0,0,0,0,0,0,0
373,5,4,4.562262684976814,222.4,698.6,2.7013612129514133,20.3,42,2.7,0,0.0,0,0,0,1,0,0,1,0,0,0,0,0,0,0,0,0,0
374,6,5,4.514150787600923,290.0,855.3,2.128231705849268,10.3,78,4.0,0,2.9601050959108397,0,0,0,0,0,0,0,0,0,0,0,0,0,0,0,0,1
375,6,5,4.523960130562548,94.3,744.4,2.2407096892759584,15.4,57,4.9,0,3.6975913947159578,0,1,0,0,0,0,0,0,0,0,0,0,0,0,0,0,1
376,8,6,4.533674184283021,207.0,672.6,2.2192034840549946,21.1,54,2.2,0,0.0,1,0,0,0,0,0,1,0,0,0,0,0,0,0,0,0,0
377,2,2,4.550714000192032,231.1,715.1,2.2407096892759584,21.9,42,2.2,0,5.168379509433644,0,1,0,0,0,0,1,0,0,0,0,0,0,0,0,0,0
378,6,5,4.520701029361642,18.9,30.6,2.1972245773362196,8.7,51,5.8,0,0.0,0,0,0,1,0,0,0,0,0,0,0,0,1,0,0,0,0
380,5,4,4.550714000192032,101.3,458.8,2.5572273113676265,19.3,39,7.2,0,2.166765369851511,0,0,0,0,0,1,0,0,0,0,1,0,0,0,0,0,0
381,8,6,4.51852237926242,194.1,643.0,2.0541237336955462,16.2,63,2.7,0,2.8524391037275145,0,0,0,1,0,0,1,0,0,0,0,0,0,0,0,0,0
382,8,6,4.566429357671661,217.7,690.0,2.9444389791664403,28.2,29,1.8,0,1.925707441737794,0,0,0,0,0,1,1,0,0,0,0,0,0,0,0,0,0
383,9,6,4.528289141652134,248.4,753.8,1.9878743481543455,20.5,58,2.7,0,3.7812307151781224,0,0,0,1,0,0,1,0,0,0,0,0,0,0,0,0,0
384,8,4,4.528289141652134,273.8,819.1,2.163323025660538,21.3,44,4.5,0,2.578700529074361,0,1,0,0,0,0,1,0,0,0,0,0,0,0,0,0,0
385,2,4,4.528289141652134,181.3,613.0,2.151762203259462,20.9,50,2.2,0,2.833213344056216,0,0,1,0,0,0,1,0,0,0,0,0,0,0,0,0,0
386,3,4,4.516338972281476,96.7,750.5,2.517696472610991,20.6,55,5.4,0,3.2422016501716975,0,0,1,0,0,0,0,0,0,0,0,0,0,0,0,0,1
387,5,5,4.520701029361642,18.9,30.6,2.1972245773362196,11.6,48,5.4,0,0.0,0,0,0,1,0,0,0,0,0,0,0,0,1,0,0,0,0
388,6,4,4.562262684976814,227.0,706.7,2.5649493574615367,23.3,34,3.1,0,3.392492941032009,0,0,0,0,0,0,1,0,0,0,0,0,0,0,0,0,0
389,7,4,4.562262684976814,227.0,706.7,2.5649493574615367,23.3,34,3.1,0,0.0,0,0,0,0,0,0,1,0,0,0,0,0,0,0,0,0,0
390,7,4,4.450852825603734,9.5,58.3,1.62924053973028,7.5,71,6.3,0,2.3942522815198695,1,0,0,0,0,0,0,0,1,0,0,0,0,0,0,0,0
391,8,6,4.522874943261261,91.3,738.1,2.1041341542702074,20.7,46,2.7,0,3.4397768636296306,0,0,0,0,0,0,0,0,0,0,0,0,0,0,0,0,1
392,1,3,4.5217885770490405,276.3,825.1,2.0918640616783932,21.9,43,4.0,0,4.27332721775054,0,0,1,0,0,0,0,0,0,0,0,0,0,0,0,0,1
393,2,4,4.547541073151455,15.0,25.6,2.517696472610991,15.2,19,7.6,0,0.0,0,0,0,0,1,0,0,0,0,0,0,0,1,0,0,0,0
394,6,5,4.443827035579329,4.6,46.7,1.1631508098056809,5.3,68,1.8,0,0.0,1,0,0,0,0,0,0,0,1,0,0,0,0,0,0,0,0
395,4,5,4.454347296253507,9.0,56.9,1.5040773967762742,10.1,62,1.8,0,3.966132331075178,0,0,1,0,0,0,0,0,1,0,0,0,0,0,0,0,0
396,4,3,4.516338972281476,96.7,750.5,2.517696472610991,20.4,55,4.9,0,1.534714366238164,0,0,1,0,0,0,0,0,0,0,0,0,0,0,0,0,1
397,5,6,4.528289141652134,181.3,613.0,2.151762203259462,24.3,33,3.6,0,1.5325568680981427,0,0,1,0,0,0,1,0,0,0,0,0,0,0,0,0,0
398,1,2,4.550714000192032,231.1,715.1,2.2407096892759584,25.9,32,3.1,0,0.0,0,1,0,0,0,0,1,0,0,0,0,0,0,0,0,0,0
399,9,5,4.546481189639412,49.5,297.7,2.70805020110221,28.0,34,4.5,0,0.0,0,0,0,0,0,1,0,0,0,0,0,1,0,0,0,0,0
400,9,5,4.546481189639412,49.5,297.7,2.70805020110221,28.0,34,4.5,0,2.214846178686039,0,0,0,0,0,1,0,0,0,0,0,1,0,0,0,0,0
401,3,4,4.522874943261261,88.2,731.7,2.2300144001592104,22.8,46,4.0,0,1.7833912195575383,0,0,0,1,0,0,0,0,0,0,0,0,0,0,0,0,1
402,9,9,4.562262684976814,227.0,706.7,2.5649493574615367,25.0,36,4.0,0,0.0,0,0,0,0,0,0,1,0,0,0,0,0,0,0,0,0,0
403,8,6,4.51852237926242,194.1,643.0,2.0541237336955462,21.3,41,3.6,0,0.0,0,0,0,1,0,0,1,0,0,0,0,0,0,0,0,0,0
404,2,4,4.487512142519859,84.8,725.1,1.547562508716013,21.8,34,2.2,0,1.951608170169951,0,0,0,0,0,1,0,0,0,0,0,0,0,0,0,0,1
405,2,2,4.560172820057356,212.1,680.9,2.3513752571634776,27.9,27,2.2,0,0.0,0,0,0,0,1,0,1,0,0,0,0,0,0,0,0,0,0
406,6,5,4.478472532942134,291.3,860.6,1.6094379124341003,17.0,67,4.9,0,1.599387576580599,0,1,0,0,0,0,0,0,0,0,0,0,0,0,0,0,1
407,4,5,4.450852825603734,8.2,55.0,1.3609765531356006,14.2,46,4.0,0,0.0,0,1,0,0,0,0,0,0,1,0,0,0,0,0,0,0,0
408,4,3,4.514150787600923,290.0,855.3,2.128231705849268,19.9,44,3.1,0,2.174751721484161,0,0,0,0,0,0,0,0,0,0,0,0,0,0,0,0,1
409,1,4,4.535820107853298,96.2,450.2,2.5726122302071057,23.4,31,5.4,0,0.0,0,0,0,0,1,0,0,0,0,0,1,0,0,0,0,0,0
410,6,3,4.443827035579329,7.3,52.8,1.308332819650179,14.7,42,2.7,0,0.0,0,0,0,0,0,0,0,0,1,0,0,0,0,0,0,0,0
411,7,4,4.449685283147696,3.2,43.6,1.4586150226995167,8.2,53,9.4,0,1.7263316639055997,0,0,0,0,0,0,0,0,1,0,0,0,0,0,0,0,0
412,9,4,4.535820107853298,92.1,442.1,2.379546134130174,22.8,27,4.5,0,0.9669838461896731,1,0,0,0,0,0,0,0,0,0,1,0,0,0,0,0,0
413,7,5,4.550714000192032,231.1,715.1,2.2407096892759584,26.4,33,3.6,0,0.0,0,1,0,0,0,0,1,0,0,0,0,0,0,0,0,0,0
414,5,4,4.549657476057832,235.1,723.1,2.4069451083182885,24.1,50,4.0,0,0.0,0,0,1,0,0,0,1,0,0,0,0,0,0,0,0,0,0
415,8,6,4.562262684976814,222.4,698.6,2.7013612129514133,27.5,27,4.9,0,6.616439947564594,0,0,0,1,0,0,1,0,0,0,0,0,0,0,0,0,0
416,6,3,4.540098189244376,164.1,575.8,2.2925347571405443,26.3,39,3.1,0,2.081938421878423,0,0,0,0,1,0,0,0,0,0,1,0,0,0,0,0,0
417,6,5,4.547541073151455,17.3,28.3,2.388762789235098,13.8,24,5.8,0,0.0,0,0,0,0,0,1,0,0,0,0,0,0,1,0,0,0,0
418,2,4,4.532599493153256,203.2,664.5,2.2082744135228043,24.9,42,5.4,0,1.235471471385307,0,0,1,0,0,0,1,0,0,0,0,0,0,0,0,0,0
419,2,5,4.528289141652134,181.3,613.0,2.151762203259462,24.8,36,4.0,0,1.3987168811184478,0,0,1,0,0,0,1,0,0,0,0,0,0,0,0,0,0
420,8,8,4.529368472571809,191.4,635.9,2.174751721484161,26.2,36,4.5,0,5.229824370102736,0,0,0,0,0,1,1,0,0,0,0,0,0,0,0,0,0
421,2,4,4.566429357671661,217.7,690.0,2.9444389791664403,30.8,19,4.5,0,0.0,0,0,0,0,0,1,1,0,0,0,0,0,0,0,0,0,0
422,8,6,4.498697941477575,263.1,795.9,1.824549292051046,29.3,27,3.6,0,1.9878743481543455,0,0,1,0,0,0,0,0,0,0,1,0,0,0,0,0,0
423,1,3,4.523960130562548,94.3,744.4,2.2407096892759584,22.3,48,4.0,0,0.5423242908253617,0,1,0,0,0,0,0,0,0,0,0,0,0,0,0,0,1
424,8,6,4.550714000192032,231.1,715.1,2.2407096892759584,26.9,31,3.6,0,1.7850704810772584,0,1,0,0,0,0,1,0,0,0,0,0,0,0,0,0,0
425,2,2,4.528289141652134,248.4,753.8,1.9878743481543455,20.4,56,2.2,0,0.0,0,0,0,1,0,0,1,0,0,0,0,0,0,0,0,0,0
426,8,6,4.528289141652134,248.4,753.8,1.9878743481543455,20.4,56,2.2,0,0.0,0,0,0,1,0,0,1,0,0,0,0,0,0,0,0,0,0
427,2,4,4.533674184283021,207.0,672.6,2.2192034840549946,27.9,33,2.2,0,1.208960345836975,1,0,0,0,0,0,1,0,0,0,0,0,0,0,0,0,0
428,1,3,4.562262684976814,222.4,698.6,2.7013612129514133,26.2,34,5.8,0,0.0,0,0,0,1,0,0,1,0,0,0,0,0,0,0,0,0,0
429,3,4,4.528289141652134,181.3,613.0,2.151762203259462,24.6,44,4.0,0,1.4350845252893227,0,0,1,0,0,0,1,0,0,0,0,0,0,0,0,0,0
430,7,4,4.507557357121091,287.2,849.3,2.0541237336955462,19.4,45,3.6,0,0.0,0,0,0,1,0,0,0,0,0,0,0,0,0,0,0,0,1
431,1,3,4.533674184283021,178.0,605.3,2.3608540011180215,23.3,40,4.0,0,1.9960599327407849,0,1,0,0,0,0,1,0,0,0,0,0,0,0,0,0,0
432,8,6,4.562262684976814,222.4,698.6,2.7013612129514133,23.9,38,6.7,0,0.0,0,0,0,1,0,0,1,0,0,0,0,0,0,0,0,0,0
433,2,4,4.549657476057832,235.1,723.1,2.4069451083182885,20.9,66,4.9,0,2.7936160894318567,0,0,1,0,0,0,1,0,0,0,0,0,0,0,0,0,0
434,1,4,4.517431271680085,269.8,811.2,1.8718021769015913,22.2,45,3.6,0,0.0,0,0,0,0,0,0,1,0,0,0,0,0,0,0,0,0,0
435,2,5,4.519612297626445,84.7,376.6,1.8870696490323797,23.8,51,1.8,0,0.0,0,1,0,0,0,0,0,0,0,0,1,0,0,0,0,0,0
436,8,6,4.533674184283021,207.0,672.6,2.2192034840549946,26.8,35,1.3,0,0.43178241642553783,1,0,0,0,0,0,1,0,0,0,0,0,0,0,0,0,0
437,8,6,4.504244267398131,253.6,768.4,2.3702437414678603,14.2,73,2.7,0,0.0,0,1,0,0,0,0,1,0,0,0,0,0,0,0,0,0,0
438,2,5,4.550714000192032,231.1,715.1,2.2407096892759584,23.6,53,4.0,0,2.005525858729668,0,1,0,0,0,0,1,0,0,0,0,0,0,0,0,0,0
439,1,3,4.522874943261261,91.3,738.1,2.1041341542702074,19.1,46,2.2,0,0.2851789422336624,0,0,0,0,0,0,0,0,0,0,0,0,0,0,0,0,1
440,5,4,4.514150787600923,290.0,855.3,2.128231705849268,16.2,58,3.6,0,0.0,0,0,0,0,0,0,0,0,0,0,0,0,0,0,0,0,1
441,8,6,4.533674184283021,207.0,672.6,2.2192034840549946,25.5,29,1.8,0,0.8020015854720274,1,0,0,0,0,0,1,0,0,0,0,0,0,0,0,0,0
442,6,5,4.487512142519859,24.9,41.6,1.547562508716013,10.9,64,3.1,0,1.4701758451005926,1,0,0,0,0,0,0,0,0,0,0,0,0,0,0,0,0
443,1,2,4.51852237926242,80.9,368.3,2.8791984572980396,14.8,78,8.0,0,0.0,0,0,0,0,0,0,0,0,0,0,1,0,0,0,0,0,0
444,2,5,4.514150787600923,290.0,855.3,2.128231705849268,16.2,58,3.6,0,2.3942522815198695,0,0,0,0,0,0,0,0,0,0,0,0,0,0,0,0,1
445,5,5,4.553876891600541,47.9,100.7,2.4595888418037104,17.3,80,4.5,0,0.0,0,0,1,0,0,0,1,0,0,0,0,0,0,0,0,0,0
446,6,5,4.532599493153256,203.2,664.5,2.2082744135228043,19.1,70,2.2,0,0.0,0,0,1,0,0,0,1,0,0,0,0,0,0,0,0,0,0
447,3,4,4.547541073151455,17.3,28.3,2.388762789235098,8.9,35,8.0,0,0.0,0,0,0,0,0,1,0,0,0,0,0,0,1,0,0,0,0
448,7,4,4.507557357121091,284.9,844.0,2.4069451083182885,10.5,77,4.0,0,0.0,0,0,0,0,0,1,0,0,0,0,0,0,0,0,0,0,1
449,7,4,4.528289141652134,181.3,613.0,2.151762203259462,19.3,61,4.9,0,0.0,0,0,1,0,0,0,1,0,0,0,0,0,0,0,0,0,0
450,4,5,4.566429357671661,217.7,690.0,2.9444389791664403,23.4,49,5.4,0,2.005525858729668,0,0,0,0,0,1,1,0,0,0,0,0,0,0,0,0,0
451,1,4,4.516338972281476,196.8,649.9,2.8507065015037334,11.8,88,4.9,0,2.3711778844596574,0,0,0,0,0,0,1,0,0,0,0,0,0,0,0,0,0
452,7,4,4.52720864451838,238.2,730.6,2.1400661634962708,17.7,65,4.0,0,0.0,1,0,0,0,0,0,1,0,0,0,0,0,0,0,0,0,0
453,4,5,4.504244267398131,266.2,803.3,1.8870696490323797,17.4,54,3.1,0,0.0,0,0,0,1,0,0,1,0,0,0,0,0,0,0,0,0,0
454,3,4,4.528289141652134,248.4,753.8,1.9878743481543455,16.8,56,3.1,0,0.0,0,0,0,1,0,0,1,0,0,0,0,0,0,0,0,0,0
455,3,4,4.560172820057356,160.0,567.2,2.8735646395797834,17.9,48,2.7,0,0.0,1,0,0,0,0,0,0,0,0,0,1,0,0,0,0,0,0
456,2,4,4.528289141652134,248.4,753.8,1.9878743481543455,16.6,59,2.7,0,0.0,0,0,0,1,0,0,1,0,0,0,0,0,0,0,0,0,0
457,1,4,4.529368472571809,191.4,635.9,2.174751721484161,19.9,50,4.0,0,4.427836170705175,0,0,0,0,0,1,1,0,0,0,0,0,0,0,0,0,0
458,8,6,4.550714000192032,231.1,715.1,2.2407096892759584,18.9,64,4.9,0,1.463255402256019,0,1,0,0,0,0,1,0,0,0,0,0,0,0,0,0,0
459,7,4,4.528289141652134,273.8,819.1,2.163323025660538,15.5,72,8.0,0,1.0784095813505903,0,1,0,0,0,0,1,0,0,0,0,0,0,0,0,0,0
460,2,5,4.550714000192032,231.1,715.1,2.2407096892759584,18.9,64,4.9,0,0.0,0,1,0,0,0,0,1,0,0,0,0,0,0,0,0,0,0
461,8,6,4.550714000192032,231.1,715.1,2.2407096892759584,18.9,64,4.9,0,0.0,0,1,0,0,0,0,1,0,0,0,0,0,0,0,0,0,0
462,1,4,4.5217885770490405,276.3,825.1,2.0918640616783932,14.5,76,7.6,0,1.5496879080283263,0,0,1,0,0,0,0,0,0,0,0,0,0,0,0,0,1
463,6,5,4.33204826486764,4.4,16.2,1.0647107369924282,4.6,82,6.3,0,1.8547342683894434,0,0,0,0,1,0,0,0,1,0,0,0,0,0,0,0,0
464,6,4,4.33204826486764,4.4,16.2,1.0647107369924282,5.1,77,5.4,0,1.144222799920162,0,0,0,0,1,0,0,0,1,0,0,0,0,0,0,0,0
465,2,2,4.388257184424518,3.6,15.3,1.0296194171811581,4.6,59,0.9,0,2.0592388343623163,0,1,0,0,0,0,0,0,1,0,0,0,0,0,0,0,0
466,6,5,4.4796069630127455,15.1,36.9,2.0918640616783932,10.2,45,5.8,0,1.430311246536665,1,0,0,0,0,0,0,0,0,0,0,0,1,0,0,0,0
467,3,4,4.513054897080286,18.5,41.1,2.1162555148025524,11.2,41,5.4,0,1.8794650496471605,0,0,0,0,0,1,0,0,0,0,0,0,1,0,0,0,0
468,6,5,4.525044141508807,20.6,43.5,2.2512917986064953,13.3,27,3.6,0,2.0294631718735947,0,0,0,1,0,0,0,0,0,0,0,0,1,0,0,0,0
469,6,3,4.5217885770490405,14.6,25.6,2.5877640352277083,13.7,33,9.4,0,4.129228964075603,0,0,1,0,0,0,0,0,0,0,0,0,0,0,0,0,0
470,5,4,4.5217885770490405,14.6,25.6,2.5877640352277083,17.6,27,5.8,0,0.0,0,0,1,0,0,0,0,0,0,0,0,0,0,0,0,0,0
471,4,3,4.506454213048934,25.4,73.7,1.9021075263969205,18.0,40,4.0,0,3.675794214565281,0,0,0,0,0,0,0,0,0,0,0,0,0,1,0,0,0
472,8,3,4.490881039585964,96.2,229.0,1.7404661748405046,14.3,79,4.0,0,1.0784095813505903,1,0,0,0,0,0,0,0,0,0,0,1,0,0,0,0,0
473,9,4,4.516338972281476,61.1,252.6,2.341805806147327,24.5,50,3.1,0,4.267176792994939,0,1,0,0,0,0,0,0,0,0,0,1,0,0,0,0,0
474,4,3,4.543294782270004,103.8,316.7,2.468099531471619,26.4,35,2.7,0,2.405141681319138,0,0,0,1,0,0,0,0,0,0,0,1,0,0,0,0,0
475,2,5,4.550714000192032,121.7,350.2,2.9444389791664403,22.7,40,9.4,0,1.4327007339340463,0,0,0,1,0,0,0,0,0,0,0,1,0,0,0,0,0
476,4,3,4.548599834499697,85.3,395.0,2.388762789235098,27.2,28,1.3,0,1.0152306797290584,0,0,0,1,0,0,0,0,0,0,1,0,0,0,0,0,0
477,4,3,4.550714000192032,101.3,423.4,2.7536607123542622,26.1,45,4.0,0,2.1234584270966104,0,0,1,0,0,0,0,0,0,0,1,0,0,0,0,0,0
478,7,4,4.550714000192032,101.3,423.4,2.7536607123542622,18.2,82,4.5,0,1.1662709371419244,0,0,1,0,0,0,0,0,0,0,1,0,0,0,0,0,0
479,7,4,4.502029427068578,103.9,431.6,2.0014800002101243,22.6,57,4.9,0,5.633109621361155,1,0,0,0,0,0,0,0,0,0,1,0,0,0,0,0,0
480,9,9,4.545420181582317,114.4,560.0,2.3513752571634776,30.2,25,4.5,0,1.3217558399823195,0,0,0,1,0,0,0,0,0,0,1,0,0,0,0,0,0
481,4,3,4.545420181582317,114.4,560.0,2.3513752571634776,30.2,22,4.9,0,0.0,0,0,0,1,0,0,0,0,0,0,1,0,0,0,0,0,0
482,3,4,4.563305981889393,130.3,587.1,2.714694743820879,23.4,40,5.8,0,0.8285518175661483,0,0,1,0,0,0,1,0,0,0,0,0,0,0,0,0,0
483,8,6,4.563305981889393,130.3,587.1,2.714694743820879,31.0,27,5.4,0,0.0,0,0,1,0,0,0,1,0,0,0,0,0,0,0,0,0,0
484,2,5,4.563305981889393,130.3,587.1,2.714694743820879,33.1,25,4.0,0,3.311637304949512,0,0,1,0,0,0,1,0,0,0,0,0,0,0,0,0,0
485,2,4,4.564348191467836,135.5,596.3,3.104586678466073,30.6,28,3.6,0,1.1216775615991057,1,0,0,0,0,0,1,0,0,0,0,0,0,0,0,0,0
486,5,4,4.565389315976247,141.3,605.8,2.928523523860541,24.1,43,6.3,0,1.0986122886681098,0,0,0,0,1,0,1,0,0,0,0,0,0,0,0,0,0
487,5,4,4.565389315976247,141.3,605.8,2.928523523860541,26.4,34,3.6,0,2.856470206220483,0,0,0,0,1,0,1,0,0,0,0,0,0,0,0,0,0
488,4,4,4.565389315976247,141.3,605.8,2.928523523860541,19.4,71,7.6,0,3.8649313978942956,0,0,0,0,1,0,1,0,0,0,0,0,0,0,0,0,0
489,4,4,4.565389315976247,141.3,605.8,2.928523523860541,20.6,58,1.3,0,0.0,0,0,0,0,0,1,1,0,0,0,0,0,0,0,0,0,0
490,4,4,4.565389315976247,141.3,605.8,2.928523523860541,28.7,33,4.0,0,0.0,0,0,0,0,0,1,1,0,0,0,0,0,0,0,0,0,0
491,4,4,4.572646994282532,152.0,624.1,2.6946271807700692,32.4,21,4.5,0,0.0,0,0,0,1,0,0,1,0,0,0,0,0,0,0,0,0,0
492,1,3,4.5736795188967205,158.0,633.6,2.509599262378372,32.4,27,2.2,0,0.0,0,0,0,0,0,0,1,0,0,0,0,0,0,0,0,0,0
493,1,3,4.5736795188967205,158.0,633.6,2.509599262378372,27.5,29,4.5,0,3.7914360424390283,0,0,0,0,0,0,1,0,0,0,0,0,0,0,0,0,0
494,6,6,4.574710978503383,164.0,643.0,2.70805020110221,30.8,30,4.9,0,2.2607208888953467,0,1,0,0,0,0,1,0,0,0,0,0,0,0,0,0,0
495,6,6,4.576770711466393,175.5,661.8,2.8791984572980396,23.9,42,2.2,0,0.0,1,0,0,0,0,0,1,0,0,0,0,0,0,0,0,0,0
496,4,5,4.576770711466393,175.5,661.8,2.8791984572980396,32.6,26,3.1,0,1.3270750014599193,1,0,0,0,0,0,1,0,0,0,0,0,0,0,0,0,0
497,3,4,4.575741375297279,181.1,671.2,2.72785282839839,32.3,27,2.2,0,2.7523860149222616,0,0,0,0,1,0,1,0,0,0,0,0,0,0,0,0,0
498,6,5,4.575741375297279,181.1,671.2,2.72785282839839,33.3,26,2.7,0,3.726656818447966,0,0,0,0,1,0,1,0,0,0,0,0,0,0,0,0,0
499,7,5,4.575741375297279,181.1,671.2,2.72785282839839,27.3,63,4.9,1,2.469793011977952,0,0,0,0,1,0,1,0,0,0,0,0,0,0,0,0,0
500,8,6,4.575741375297279,181.1,671.2,2.72785282839839,21.6,65,4.9,1,0.0,0,0,0,0,1,0,1,0,0,0,0,0,0,0,0,0,0
501,7,5,4.575741375297279,181.1,671.2,2.72785282839839,21.6,65,4.9,1,0.0,0,0,0,0,1,0,1,0,0,0,0,0,0,0,0,0,0
502,4,4,4.575741375297279,181.1,671.2,2.72785282839839,20.7,69,4.9,1,0.0,0,0,0,0,1,0,1,0,0,0,0,0,0,0,0,0,0
503,2,4,4.5591262474866845,139.4,689.1,3.044522437723423,29.2,30,4.9,0,1.0818051703517284,0,0,0,0,0,1,1,0,0,0,0,0,0,0,0,0,0
504,4,3,4.5591262474866845,139.4,689.1,3.044522437723423,28.9,29,4.9,0,3.923753928303845,0,0,0,0,0,1,1,0,0,0,0,0,0,0,0,0,0
505,1,2,4.5217885770490405,163.2,744.4,2.4069451083182885,26.7,35,1.8,0,1.916922612182061,0,0,0,1,0,0,1,0,0,0,0,0,0,0,0,0,0
506,1,2,4.5217885770490405,166.9,752.6,2.0918640616783932,18.5,73,8.5,0,0.0,0,0,0,0,0,0,1,0,0,0,0,0,0,0,0,0,0
507,2,4,4.5217885770490405,166.9,752.6,2.0918640616783932,25.9,41,3.6,0,0.0,0,0,0,0,0,0,1,0,0,0,0,0,0,0,0,0,0
508,1,2,4.5217885770490405,166.9,752.6,2.0918640616783932,25.9,41,3.6,0,0.0,0,0,0,0,0,0,1,0,0,0,0,0,0,0,0,0,0
509,5,4,4.5217885770490405,166.9,752.6,2.0918640616783932,21.1,71,7.6,1,1.1537315878891892,0,0,0,0,0,0,1,0,0,0,0,0,0,0,0,0,0
510,6,5,4.5217885770490405,166.9,752.6,2.0918640616783932,18.2,62,5.4,0,0.35767444427181594,0,0,0,0,0,0,1,0,0,0,0,0,0,0,0,0,0
511,8,6,4.414009680526933,56.7,665.6,1.0647107369924282,27.8,35,2.7,0,0.0,0,0,1,0,0,0,1,0,0,0,0,0,0,0,0,0,0
512,4,3,4.414009680526933,56.7,665.6,1.0647107369924282,27.8,32,2.7,0,2.0068708488450007,0,0,1,0,0,0,1,0,0,0,0,0,0,0,0,0,0
513,2,4,4.414009680526933,56.7,665.6,1.0647107369924282,21.9,71,5.8,0,4.012592060349841,0,0,1,0,0,0,1,0,0,0,0,0,0,0,0,0,0
514,7,4,4.414009680526933,56.7,665.6,1.0647107369924282,21.2,70,6.7,0,2.498151876538021,0,0,1,0,0,0,1,0,0,0,0,0,0,0,0,0,0
515,1,4,4.558078578454241,146.0,614.7,2.509599262378372,25.6,42,4.0,0,0.0,0,1,0,0,0,0,1,0,0,0,0,0,0,0,0,0,0
516,6,3,4.388257184424518,3.0,106.7,0.7419373447293773,11.8,31,4.5,0,0.0,0,0,0,0,1,0,0,0,0,0,0,0,0,0,1,0,0
